timestamp,client_id,snapshot_id,seq_num,server_timestamp_ms,recv_time_ms,latency_ms,jitter_ms,perceived_position_error,cpu_percent,bandwidth_per_client_kbps
1765506033.107659,2,88,1,1765506032982,1765506033107,125,0.00,0.0000,0.0,0.00
1765506033.108636,2,89,2,1765506033024,1765506033108,84,0.00,0.0000,0.0,0.00
1765506033.109533,2,90,3,1765506033067,1765506033109,42,0.00,0.0000,0.0,0.00
1765506033.110427,2,91,4,1765506033110,1765506033110,0,0.00,0.0000,0.0,0.00
1765506033.153185,2,92,5,1765506033153,1765506033153,0,15.75,0.0000,0.0,0.00
1765506033.230082,2,93,7,1765506033196,1765506033216,20,24.96,0.0000,0.0,0.00
1765506033.263253,2,94,8,1765506033239,1765506033263,24,25.00,0.0000,0.0,0.00
1765506033.286678,2,95,9,1765506033282,1765506033286,4,21.80,0.0000,0.0,0.00
1765506033.325239,2,96,10,1765506033325,1765506033325,0,20.75,0.0000,0.0,0.00
1765506033.370510,2,97,11,1765506033367,1765506033370,3,20.20,0.0000,0.0,0.00
1765506033.410687,2,98,12,1765506033410,1765506033410,0,19.04,0.0000,0.0,0.00
1765506033.456660,2,99,13,1765506033455,1765506033456,1,18.35,0.0000,0.0,0.00
1765506033.488368,2,100,15,1765506033488,1765506033488,0,16.83,0.0000,0.0,0.00
1765506033.531808,2,101,16,1765506033531,1765506033531,0,16.17,0.0000,0.0,0.00
1765506033.573710,2,102,17,1765506033573,1765506033573,0,15.49,0.0000,0.0,0.00
1765506033.616493,2,103,18,1765506033616,1765506033616,0,14.89,0.0000,0.0,0.00
1765506033.659214,2,104,19,1765506033659,1765506033659,0,14.31,0.0000,0.0,0.00
1765506033.702673,2,105,20,1765506033702,1765506033702,0,13.76,0.0000,0.0,0.00
1765506033.743690,2,106,21,1765506033743,1765506033743,0,13.19,0.0000,0.0,0.00
1765506033.785822,2,107,22,1765506033785,1765506033785,0,12.68,0.0000,0.0,0.00
1765506033.828557,2,108,23,1765506033828,1765506033828,0,12.23,0.0000,0.0,0.00
1765506033.871138,2,109,24,1765506033871,1765506033871,0,11.80,0.0000,0.0,0.00
1765506033.914185,2,110,25,1765506033914,1765506033914,0,11.40,0.0000,0.0,0.00
1765506033.956522,2,111,26,1765506033956,1765506033956,0,11.01,0.0000,0.0,0.00
1765506033.999379,2,112,27,1765506033999,1765506033999,0,10.65,0.0000,0.0,0.00
1765506034.044465,2,113,28,1765506034044,1765506034044,0,10.35,0.0000,0.0,0.00
1765506034.076614,2,114,29,1765506034076,1765506034076,0,10.28,0.0000,0.0,0.00
1765506034.113206,2,115,30,1765506034113,1765506034113,0,9.91,0.0000,0.0,0.00
1765506034.145393,2,116,31,1765506034145,1765506034145,0,9.83,0.0000,0.0,0.00
1765506034.188035,2,117,32,1765506034187,1765506034187,0,9.58,0.0000,0.0,0.00
1765506034.230306,2,118,33,1765506034230,1765506034230,0,9.36,0.0000,0.0,0.00
1765506034.272302,2,119,34,1765506034272,1765506034272,0,9.14,0.0000,0.0,0.00
1765506034.314865,2,120,35,1765506034314,1765506034314,0,8.92,0.0000,0.0,0.00
1765506034.358351,2,121,36,1765506034358,1765506034358,0,8.74,0.0000,0.0,0.00
1765506034.403067,2,122,37,1765506034401,1765506034403,2,8.58,0.0000,0.0,0.00
1765506034.436360,2,123,38,1765506034436,1765506034436,0,8.56,0.0000,0.0,0.00
1765506034.479278,2,124,39,1765506034479,1765506034479,0,8.39,0.0000,0.0,0.00
1765506034.521704,2,125,40,1765506034521,1765506034521,0,8.21,0.0000,0.0,0.00
1765506034.563907,2,126,42,1765506034563,1765506034563,0,8.04,0.0000,0.0,0.00
1765506034.606236,2,127,43,1765506034606,1765506034606,0,7.89,0.0000,0.0,0.00
1765506034.649256,2,128,44,1765506034649,1765506034649,0,7.75,0.0000,0.0,0.00
1765506034.692216,2,129,45,1765506034692,1765506034692,0,7.61,0.0000,0.0,0.00
1765506034.734751,2,130,46,1765506034734,1765506034734,0,7.46,0.0000,0.0,0.00
1765506034.777181,2,131,47,1765506034777,1765506034777,0,7.33,0.0000,0.0,0.00
1765506034.819948,2,132,48,1765506034819,1765506034819,0,7.19,0.0000,0.0,0.00
1765506034.861915,2,133,49,1765506034861,1765506034861,0,7.06,0.0000,0.0,0.00
1765506034.904515,2,134,50,1765506034904,1765506034904,0,6.94,0.0000,0.0,0.00
1765506034.946809,2,135,51,1765506034946,1765506034946,0,6.82,0.0000,0.0,0.00
1765506034.990149,2,136,52,1765506034989,1765506034990,1,6.72,0.0000,0.0,0.00
1765506035.032205,2,137,53,1765506035032,1765506035032,0,6.61,0.0000,0.0,0.00
1765506035.076518,2,138,54,1765506035075,1765506035076,1,6.51,0.0000,0.0,0.00
1765506035.108560,2,139,55,1765506035108,1765506035108,0,6.61,0.0000,0.0,0.00
1765506035.150749,2,140,56,1765506035150,1765506035150,0,6.51,0.0000,0.0,0.00
1765506035.193195,2,141,58,1765506035192,1765506035193,1,6.41,0.0000,0.0,0.00
1765506035.235094,2,142,59,1765506035234,1765506035235,1,6.31,0.0000,0.0,0.00
1765506035.279070,2,143,60,1765506035278,1765506035279,1,6.23,0.0000,0.0,0.00
1765506035.311590,2,144,61,1765506035311,1765506035311,0,6.33,0.0000,0.0,0.00
1765506035.354971,2,145,63,1765506035354,1765506035354,0,6.25,0.0000,0.0,0.00
1765506035.398433,2,146,64,1765506035398,1765506035398,0,6.17,0.0000,0.0,0.00
1765506035.441057,2,147,65,1765506035440,1765506035440,0,6.09,0.0000,0.0,0.00
1765506035.483722,2,148,66,1765506035483,1765506035483,0,6.01,0.0000,0.0,0.00
1765506035.526884,2,149,67,1765506035526,1765506035526,0,4.99,0.0000,0.0,0.00
1765506035.569425,2,150,68,1765506035569,1765506035569,0,3.93,0.0000,0.0,0.00
1765506035.611584,2,151,69,1765506035611,1765506035611,0,2.85,0.0000,0.0,0.00
1765506035.653339,2,152,70,1765506035653,1765506035653,0,2.84,0.0000,0.0,0.00
1765506035.695634,2,153,71,1765506035695,1765506035695,0,2.72,0.0000,0.0,0.00
1765506035.738042,2,154,72,1765506035737,1765506035737,0,2.69,0.0000,0.0,0.00
1765506035.780390,2,155,73,1765506035780,1765506035780,0,2.19,0.0000,0.0,0.00
1765506035.822529,2,156,74,1765506035822,1765506035822,0,2.12,0.0000,0.0,0.00
1765506035.865160,2,157,75,1765506035864,1765506035865,1,2.11,0.0000,0.0,0.00
1765506035.907682,2,158,77,1765506035907,1765506035907,0,2.06,0.0000,0.0,0.00
1765506035.949888,2,159,78,1765506035949,1765506035949,0,2.05,0.0000,0.0,0.00
1765506035.992334,2,160,79,1765506035992,1765506035992,0,1.77,0.0000,0.0,0.00
1765506036.037042,2,161,80,1765506036036,1765506036036,0,1.77,0.0000,0.0,0.00
1765506036.077915,2,162,81,1765506036077,1765506036077,0,1.80,0.0000,0.0,0.00
1765506036.120305,2,163,82,1765506036120,1765506036120,0,1.80,0.0000,0.0,0.00
1765506036.163861,2,164,83,1765506036163,1765506036163,0,1.80,0.0000,0.0,0.00
1765506036.206308,2,165,84,1765506036206,1765506036206,0,1.80,0.0000,0.0,0.00
1765506036.248664,2,166,85,1765506036248,1765506036248,0,1.77,0.0000,0.0,0.00
1765506036.290669,2,167,86,1765506036290,1765506036290,0,1.77,0.0000,0.0,0.00
1765506036.333841,2,168,87,1765506036333,1765506036333,0,1.77,0.0000,0.0,0.00
1765506036.377014,2,169,88,1765506036376,1765506036376,0,1.77,0.0000,0.0,0.00
1765506036.418581,2,170,89,1765506036418,1765506036418,0,1.77,0.0000,0.0,0.00
1765506036.460770,2,171,90,1765506036460,1765506036460,0,1.77,0.0000,0.0,0.00
1765506036.503228,2,172,91,1765506036502,1765506036503,1,1.77,0.0000,0.0,0.00
1765506036.545630,2,173,92,1765506036545,1765506036545,0,1.76,0.0000,0.0,0.00
1765506036.588873,2,174,93,1765506036588,1765506036588,0,1.47,0.0000,0.0,0.00
1765506036.631513,2,175,94,1765506036631,1765506036631,0,1.33,0.0000,0.0,0.00
1765506036.673856,2,176,95,1765506036673,1765506036673,0,1.13,0.0000,0.0,0.00
1765506036.715580,2,177,96,1765506036715,1765506036715,0,1.13,0.0000,0.0,0.00
1765506036.757443,2,178,97,1765506036757,1765506036757,0,1.12,0.0000,0.0,0.00
1765506036.799998,2,179,98,1765506036799,1765506036799,0,1.12,0.0000,0.0,0.00
1765506036.842574,2,180,99,1765506036842,1765506036842,0,1.13,0.0000,0.0,0.00
1765506036.885608,2,181,100,1765506036885,1765506036885,0,1.12,0.0000,0.0,0.00
1765506036.927292,2,182,101,1765506036927,1765506036927,0,1.07,0.0000,0.0,0.00
1765506036.970317,2,183,102,1765506036970,1765506036970,0,0.93,0.0000,0.0,0.00
1765506037.012371,2,184,103,1765506037012,1765506037012,0,0.92,0.0000,0.0,0.00
1765506037.055074,2,185,104,1765506037054,1765506037055,1,0.93,0.0000,0.0,0.00
1765506037.097158,2,186,105,1765506037096,1765506037097,1,0.93,0.0000,0.0,0.00
1765506037.139955,2,187,106,1765506037139,1765506037139,0,0.92,0.0000,0.0,0.00
1765506037.182842,2,188,109,1765506037182,1765506037182,0,0.92,0.0000,0.0,0.00
1765506037.225020,2,189,110,1765506037224,1765506037224,0,0.91,0.0000,0.0,0.00
1765506037.267875,2,190,111,1765506037267,1765506037267,0,0.92,0.0000,0.0,0.00
1765506037.310441,2,191,112,1765506037310,1765506037310,0,0.92,0.0000,0.0,0.00
1765506037.352700,2,192,113,1765506037352,1765506037352,0,0.92,0.0000,0.0,0.00
1765506037.394790,2,193,114,1765506037394,1765506037394,0,0.92,0.0000,0.0,0.00
1765506037.437666,2,194,115,1765506037437,1765506037437,0,0.92,0.0000,0.0,0.00
1765506037.479436,2,195,116,1765506037479,1765506037479,0,0.92,0.0000,0.0,0.00
1765506037.521898,2,196,118,1765506037521,1765506037521,0,0.90,0.0000,0.0,0.00
1765506037.571880,2,197,119,1765506037570,1765506037571,1,1.03,0.0000,0.0,0.00
1765506037.603615,2,198,120,1765506037603,1765506037603,0,1.16,0.0000,0.0,0.00
1765506037.647210,2,199,121,1765506037647,1765506037647,0,1.03,0.0000,0.0,0.00
1765506037.689080,2,200,122,1765506037688,1765506037689,1,1.03,0.0000,0.0,0.00
1765506037.730775,2,201,123,1765506037730,1765506037730,0,1.04,0.0000,0.0,0.00
1765506037.773300,2,202,124,1765506037773,1765506037773,0,1.04,0.0000,0.0,0.00
1765506037.815427,2,203,125,1765506037815,1765506037815,0,1.02,0.0000,0.0,0.00
1765506037.857944,2,204,126,1765506037857,1765506037857,0,0.86,0.0000,0.0,0.00
1765506037.899909,2,205,127,1765506037899,1765506037899,0,0.86,0.0000,0.0,0.00
1765506037.943053,2,206,128,1765506037942,1765506037942,0,0.84,0.0000,0.0,0.00
1765506037.986041,2,207,129,1765506037985,1765506037985,0,0.84,0.0000,0.0,0.00
1765506038.028412,2,208,130,1765506038028,1765506038028,0,0.84,0.0000,0.0,0.00
1765506038.071289,2,209,131,1765506038071,1765506038071,0,0.84,0.0000,0.0,0.00
1765506038.113634,2,210,132,1765506038113,1765506038113,0,0.84,0.0000,0.0,0.00
1765506038.156357,2,211,133,1765506038156,1765506038156,0,0.84,0.0000,0.0,0.00
1765506038.198511,2,212,134,1765506038198,1765506038198,0,0.84,0.0000,0.0,0.00
1765506038.240810,2,213,135,1765506038240,1765506038240,0,0.84,0.0000,0.0,0.00
1765506038.283579,2,214,136,1765506038283,1765506038283,0,0.85,0.0000,0.0,0.00
1765506038.326655,2,215,137,1765506038326,1765506038326,0,0.85,0.0000,0.0,0.00
1765506038.370553,2,216,139,1765506038370,1765506038370,0,0.87,0.0000,0.0,0.00
1765506038.412877,2,217,140,1765506038412,1765506038412,0,0.87,0.0000,0.0,0.00
1765506038.453869,2,218,141,1765506038453,1765506038453,0,0.88,0.0000,0.0,0.00
1765506038.495208,2,219,142,1765506038495,1765506038495,0,0.88,0.0000,0.0,0.00
1765506038.536898,2,220,143,1765506038536,1765506038536,0,0.89,0.0000,0.0,0.00
1765506038.578734,2,221,144,1765506038578,1765506038578,0,0.87,0.0000,0.0,0.00
1765506038.620856,2,222,146,1765506038620,1765506038620,0,0.85,0.0000,0.0,0.00
1765506038.662997,2,223,147,1765506038662,1765506038662,0,0.85,0.0000,0.0,0.00
1765506038.705954,2,224,148,1765506038705,1765506038705,0,0.85,0.0000,0.0,0.00
1765506038.748928,2,225,149,1765506038748,1765506038748,0,0.85,0.0000,0.0,0.00
1765506038.791363,2,226,150,1765506038790,1765506038791,1,0.85,0.0000,0.0,0.00
1765506038.832975,2,227,151,1765506038832,1765506038832,0,0.87,0.0000,0.0,0.00
1765506038.875130,2,228,152,1765506038874,1765506038875,1,0.87,0.0000,0.0,0.00
1765506038.924336,2,229,153,1765506038922,1765506038924,2,0.98,0.0000,0.0,0.00
1765506038.957428,2,230,154,1765506038956,1765506038957,1,1.12,0.0000,0.0,0.00
1765506038.988701,2,231,155,1765506038988,1765506038988,0,1.28,0.0000,0.0,0.00
1765506039.031737,2,232,156,1765506039031,1765506039031,0,1.28,0.0000,0.0,0.00
1765506039.074115,2,233,157,1765506039073,1765506039074,1,1.29,0.0000,0.0,0.00
1765506039.117393,2,234,158,1765506039116,1765506039117,1,1.29,0.0000,0.0,0.00
1765506039.159914,2,235,159,1765506039159,1765506039159,0,1.28,0.0000,0.0,0.00
1765506039.201912,2,236,161,1765506039201,1765506039201,0,1.28,0.0000,0.0,0.00
1765506039.244442,2,237,162,1765506039244,1765506039244,0,1.29,0.0000,0.0,0.00
1765506039.286828,2,238,163,1765506039286,1765506039286,0,1.29,0.0000,0.0,0.00
1765506039.329018,2,239,164,1765506039328,1765506039328,0,1.29,0.0000,0.0,0.00
1765506039.371412,2,240,165,1765506039371,1765506039371,0,1.29,0.0000,0.0,0.00
1765506039.414072,2,241,166,1765506039413,1765506039414,1,1.29,0.0000,0.0,0.00
1765506039.456661,2,242,167,1765506039456,1765506039456,0,1.29,0.0000,0.0,0.00
1765506039.498954,2,243,168,1765506039498,1765506039498,0,1.28,0.0000,0.0,0.00
1765506039.541994,2,244,169,1765506039540,1765506039541,1,1.29,0.0000,0.0,0.00
1765506039.583936,2,245,170,1765506039583,1765506039583,0,1.28,0.0000,0.0,0.00
1765506039.625959,2,246,171,1765506039625,1765506039625,0,1.28,0.0000,0.0,0.00
1765506039.668402,2,247,172,1765506039668,1765506039668,0,1.29,0.0000,0.0,0.00
1765506039.710804,2,248,173,1765506039710,1765506039710,0,1.28,0.0000,0.0,0.00
1765506039.754846,2,249,174,1765506039753,1765506039754,1,1.31,0.0000,0.0,0.00
1765506039.796687,2,250,175,1765506039796,1765506039796,0,1.30,0.0000,0.0,0.00
1765506039.838659,2,251,176,1765506039838,1765506039838,0,1.28,0.0000,0.0,0.00
1765506039.880604,2,252,177,1765506039880,1765506039880,0,1.28,0.0000,0.0,0.00
1765506039.922684,2,253,178,1765506039922,1765506039922,0,1.28,0.0000,0.0,0.00
1765506039.964920,2,254,179,1765506039964,1765506039964,0,1.27,0.0000,0.0,0.00
1765506040.007174,2,255,180,1765506040007,1765506040007,0,1.28,0.0000,0.0,0.00
1765506040.048793,2,256,181,1765506040048,1765506040048,0,1.30,0.0000,0.0,0.00
1765506040.091601,2,257,182,1765506040091,1765506040091,0,1.17,0.0000,0.0,0.00
1765506040.135246,2,258,183,1765506040135,1765506040135,0,1.05,0.0000,0.0,0.00
1765506040.177238,2,259,184,1765506040177,1765506040177,0,1.02,0.0000,0.0,0.00
1765506040.220288,2,260,185,1765506040220,1765506040220,0,1.03,0.0000,0.0,0.00
1765506040.262620,2,261,186,1765506040262,1765506040262,0,1.02,0.0000,0.0,0.00
1765506040.304768,2,262,187,1765506040304,1765506040304,0,1.01,0.0000,0.0,0.00
1765506040.346431,2,263,188,1765506040346,1765506040346,0,1.01,0.0000,0.0,0.00
1765506040.388606,2,264,189,1765506040388,1765506040388,0,1.01,0.0000,0.0,0.00
1765506040.430596,2,265,190,1765506040430,1765506040430,0,1.01,0.0000,0.0,0.00
1765506040.472998,2,266,191,1765506040472,1765506040472,0,0.99,0.0000,0.0,0.00
1765506040.515432,2,267,192,1765506040515,1765506040515,0,0.99,0.0000,0.0,0.00
1765506040.558271,2,268,193,1765506040558,1765506040558,0,0.99,0.0000,0.0,0.00
1765506040.600842,2,269,194,1765506040600,1765506040600,0,0.98,0.0000,0.0,0.00
1765506040.642687,2,270,195,1765506040642,1765506040642,0,0.98,0.0000,0.0,0.00
1765506040.686052,2,271,196,1765506040684,1765506040685,1,0.98,0.0000,0.0,0.00
1765506040.726795,2,272,197,1765506040726,1765506040726,0,0.99,0.0000,0.0,0.00
1765506040.769403,2,273,198,1765506040769,1765506040769,0,1.01,0.0000,0.0,0.00
1765506040.811462,2,274,199,1765506040811,1765506040811,0,0.99,0.0000,0.0,0.00
1765506040.858788,2,275,200,1765506040857,1765506040858,1,1.07,0.0000,0.0,0.00
1765506040.890559,2,276,201,1765506040890,1765506040890,0,1.17,0.0000,0.0,0.00
1765506040.933243,2,277,202,1765506040933,1765506040933,0,1.19,0.0000,0.0,0.00
1765506040.976544,2,278,203,1765506040976,1765506040976,0,1.19,0.0000,0.0,0.00
1765506041.019608,2,279,204,1765506041019,1765506041019,0,1.21,0.0000,0.0,0.00
1765506041.061875,2,280,205,1765506041061,1765506041061,0,1.19,0.0000,0.0,0.00
1765506041.103811,2,281,206,1765506041103,1765506041103,0,1.19,0.0000,0.0,0.00
1765506041.145940,2,282,207,1765506041145,1765506041145,0,1.19,0.0000,0.0,0.00
1765506041.189569,2,283,208,1765506041189,1765506041189,0,1.23,0.0000,0.0,0.00
1765506041.233158,2,284,210,1765506041233,1765506041233,0,1.25,0.0000,0.0,0.00
1765506041.275326,2,285,211,1765506041275,1765506041275,0,1.23,0.0000,0.0,0.00
1765506041.317683,2,286,212,1765506041317,1765506041317,0,1.22,0.0000,0.0,0.00
1765506041.360483,2,287,213,1765506041360,1765506041360,0,1.22,0.0000,0.0,0.00
1765506041.404365,2,288,216,1765506041404,1765506041404,0,1.24,0.0000,0.0,0.00
1765506041.447243,2,289,217,1765506041447,1765506041447,0,1.12,0.0000,0.0,0.00
1765506041.489437,2,290,218,1765506041489,1765506041489,0,0.99,0.0000,0.0,0.00
1765506041.531765,2,291,219,1765506041531,1765506041531,0,0.83,0.0000,0.0,0.00
1765506041.573860,2,292,220,1765506041573,1765506041573,0,0.83,0.0000,0.0,0.00
1765506041.616452,2,293,221,1765506041616,1765506041616,0,0.83,0.0000,0.0,0.00
1765506041.659184,2,294,222,1765506041659,1765506041659,0,0.83,0.0000,0.0,0.00
1765506041.701941,2,295,223,1765506041701,1765506041701,0,0.83,0.0000,0.0,0.00
1765506041.744389,2,296,224,1765506041744,1765506041744,0,0.83,0.0000,0.0,0.00
1765506041.786359,2,297,225,1765506041786,1765506041786,0,0.83,0.0000,0.0,0.00
1765506041.828685,2,298,226,1765506041828,1765506041828,0,0.83,0.0000,0.0,0.00
1765506041.871594,2,299,227,1765506041871,1765506041871,0,0.83,0.0000,0.0,0.00
1765506041.914682,2,300,228,1765506041914,1765506041914,0,0.83,0.0000,0.0,0.00
1765506041.957599,2,301,229,1765506041957,1765506041957,0,0.83,0.0000,0.0,0.00
1765506041.999869,2,302,230,1765506041999,1765506041999,0,0.83,0.0000,0.0,0.00
1765506042.041751,2,303,231,1765506042041,1765506042041,0,0.83,0.0000,0.0,0.00
1765506042.084172,2,304,232,1765506042083,1765506042084,1,0.83,0.0000,0.0,0.00
1765506042.126406,2,305,233,1765506042126,1765506042126,0,0.83,0.0000,0.0,0.00
1765506042.169003,2,306,234,1765506042168,1765506042168,0,0.83,0.0000,0.0,0.00
1765506042.211781,2,307,235,1765506042211,1765506042211,0,0.83,0.0000,0.0,0.00
1765506042.253908,2,308,236,1765506042253,1765506042253,0,0.83,0.0000,0.0,0.00
1765506042.296116,2,309,237,1765506042295,1765506042296,1,0.82,0.0000,0.0,0.00
1765506042.338008,2,310,238,1765506042337,1765506042337,0,0.83,0.0000,0.0,0.00
1765506042.380079,2,311,239,1765506042379,1765506042379,0,0.83,0.0000,0.0,0.00
1765506042.423663,2,312,240,1765506042422,1765506042423,1,0.85,0.0000,0.0,0.00
1765506042.464806,2,313,241,1765506042464,1765506042464,0,0.87,0.0000,0.0,0.00
1765506042.506699,2,314,242,1765506042506,1765506042506,0,0.87,0.0000,0.0,0.00
1765506042.548755,2,315,244,1765506042548,1765506042548,0,0.86,0.0000,0.0,0.00
1765506042.591435,2,316,245,1765506042591,1765506042591,0,0.85,0.0000,0.0,0.00
1765506042.633539,2,317,246,1765506042633,1765506042633,0,0.85,0.0000,0.0,0.00
1765506042.675150,2,318,247,1765506042675,1765506042675,0,0.82,0.0000,0.0,0.00
1765506042.718356,2,319,248,1765506042718,1765506042718,0,0.83,0.0000,0.0,0.00
1765506042.761483,2,320,249,1765506042761,1765506042761,0,0.83,0.0000,0.0,0.00
1765506042.803932,2,321,250,1765506042803,1765506042803,0,0.83,0.0000,0.0,0.00
1765506042.846906,2,322,251,1765506042846,1765506042846,0,0.84,0.0000,0.0,0.00
1765506042.889019,2,323,252,1765506042888,1765506042888,0,0.84,0.0000,0.0,0.00
1765506042.931250,2,324,253,1765506042930,1765506042931,1,0.84,0.0000,0.0,0.00
1765506042.973472,2,325,254,1765506042973,1765506042973,0,0.84,0.0000,0.0,0.00
1765506043.015380,2,326,255,1765506043015,1765506043015,0,0.84,0.0000,0.0,0.00
1765506043.057701,2,327,256,1765506043057,1765506043057,0,0.84,0.0000,0.0,0.00
1765506043.100352,2,328,257,1765506043100,1765506043100,0,0.84,0.0000,0.0,0.00
1765506043.143544,2,329,258,1765506043143,1765506043143,0,0.84,0.0000,0.0,0.00
1765506043.185537,2,330,259,1765506043185,1765506043185,0,0.84,0.0000,0.0,0.00
1765506043.227630,2,331,261,1765506043227,1765506043227,0,0.84,0.0000,0.0,0.00
1765506043.270945,2,332,262,1765506043270,1765506043270,0,0.83,0.0000,0.0,0.00
1765506043.313059,2,333,263,1765506043312,1765506043312,0,0.82,0.0000,0.0,0.00
1765506043.355484,2,334,264,1765506043355,1765506043355,0,0.83,0.0000,0.0,0.00
1765506043.401319,2,335,265,1765506043400,1765506043401,1,0.81,0.0000,0.0,0.00
1765506043.433510,2,336,266,1765506043433,1765506043433,0,0.81,0.0000,0.0,0.00
1765506043.475247,2,337,267,1765506043475,1765506043475,0,0.80,0.0000,0.0,0.00
1765506043.518652,2,338,268,1765506043518,1765506043518,0,0.80,0.0000,0.0,0.00
1765506043.562575,2,339,269,1765506043562,1765506043562,0,0.82,0.0000,0.0,0.00
1765506043.604983,2,340,270,1765506043604,1765506043604,0,0.82,0.0000,0.0,0.00
1765506043.647357,2,341,271,1765506043647,1765506043647,0,0.83,0.0000,0.0,0.00
1765506043.689607,2,342,272,1765506043689,1765506043689,0,0.83,0.0000,0.0,0.00
1765506043.731427,2,343,273,1765506043731,1765506043731,0,0.80,0.0000,0.0,0.00
1765506043.773103,2,344,274,1765506043772,1765506043773,1,0.78,0.0000,0.0,0.00
1765506043.815953,2,345,275,1765506043815,1765506043815,0,0.78,0.0000,0.0,0.00
1765506043.858259,2,346,276,1765506043858,1765506043858,0,0.79,0.0000,0.0,0.00
1765506043.900539,2,347,277,1765506043900,1765506043900,0,0.78,0.0000,0.0,0.00
1765506043.943769,2,348,278,1765506043943,1765506043943,0,0.76,0.0000,0.0,0.00
1765506043.986135,2,349,279,1765506043986,1765506043986,0,0.76,0.0000,0.0,0.00
1765506044.028183,2,350,280,1765506044028,1765506044028,0,0.76,0.0000,0.0,0.00
1765506044.070618,2,351,281,1765506044070,1765506044070,0,0.76,0.0000,0.0,0.00
1765506044.113852,2,352,282,1765506044113,1765506044113,0,0.77,0.0000,0.0,0.00
1765506044.157134,2,353,283,1765506044156,1765506044157,1,0.79,0.0000,0.0,0.00
1765506044.200862,2,354,284,1765506044199,1765506044200,1,0.79,0.0000,0.0,0.00
1765506044.242425,2,355,285,1765506044241,1765506044242,1,0.79,0.0000,0.0,0.00
1765506044.284549,2,356,286,1765506044284,1765506044284,0,0.78,0.0000,0.0,0.00
1765506044.326691,2,357,287,1765506044326,1765506044326,0,0.78,0.0000,0.0,0.00
1765506044.369240,2,358,288,1765506044369,1765506044369,0,0.79,0.0000,0.0,0.00
1765506044.416379,2,359,290,1765506044415,1765506044416,1,0.86,0.0000,0.0,0.00
1765506044.448895,2,360,292,1765506044448,1765506044448,0,1.00,0.0000,0.0,0.00
1765506044.500651,2,361,293,1765506044499,1765506044500,1,1.17,0.0000,0.0,0.00
1765506044.535108,2,362,294,1765506044533,1765506044535,2,1.27,0.0000,0.0,0.00
1765506044.571012,2,363,295,1765506044570,1765506044570,0,1.37,0.0000,0.0,0.00
1765506044.604771,2,364,296,1765506044604,1765506044604,0,1.47,0.0000,0.0,0.00
1765506044.648014,2,365,297,1765506044647,1765506044647,0,1.49,0.0000,0.0,0.00
1765506044.690965,2,366,298,1765506044689,1765506044690,1,1.50,0.0000,0.0,0.00
1765506044.723537,2,367,299,1765506044722,1765506044723,1,1.73,0.0000,0.0,0.00
1765506044.768164,2,368,300,1765506044767,1765506044768,1,1.74,0.0000,0.0,0.00
1765506044.799771,2,369,301,1765506044799,1765506044799,0,2.05,0.0000,0.0,0.00
1765506044.842084,2,370,302,1765506044841,1765506044842,1,2.03,0.0000,0.0,0.00
1765506044.885699,2,371,303,1765506044885,1765506044885,0,2.04,0.0000,0.0,0.00
1765506044.928516,2,372,304,1765506044928,1765506044928,0,2.03,0.0000,0.0,0.00
1765506044.970738,2,373,305,1765506044970,1765506044970,0,2.01,0.0000,0.0,0.00
1765506045.020275,2,374,306,1765506045019,1765506045020,1,2.04,0.0000,0.0,0.00
1765506045.051475,2,375,307,1765506045051,1765506045051,0,2.36,0.0000,0.0,0.00
1765506045.086826,2,376,308,1765506045086,1765506045086,0,2.54,0.0000,0.0,0.00
1765506045.128725,2,377,309,1765506045128,1765506045128,0,2.54,0.0000,0.0,0.00
1765506045.170921,2,378,310,1765506045170,1765506045170,0,2.54,0.0000,0.0,0.00
1765506045.212963,2,379,311,1765506045212,1765506045212,0,2.54,0.0000,0.0,0.00
1765506045.257279,2,380,313,1765506045257,1765506045257,0,2.55,0.0000,0.0,0.00
1765506045.293983,2,381,315,1765506045293,1765506045293,0,2.70,0.0000,0.0,0.00
1765506045.336630,2,382,316,1765506045336,1765506045336,0,2.70,0.0000,0.0,0.00
1765506045.380695,2,383,317,1765506045380,1765506045380,0,2.71,0.0000,0.0,0.00
1765506045.413572,2,384,318,1765506045413,1765506045413,0,2.93,0.0000,0.0,0.00
1765506045.455756,2,385,319,1765506045455,1765506045455,0,2.93,0.0000,0.0,0.00
1765506045.499070,2,386,320,1765506045498,1765506045499,1,2.95,0.0000,0.0,0.00
1765506045.541885,2,387,321,1765506045541,1765506045541,0,2.95,0.0000,0.0,0.00
1765506045.584257,2,388,322,1765506045584,1765506045584,0,2.95,0.0000,0.0,0.00
1765506045.627018,2,389,323,1765506045626,1765506045626,0,2.94,0.0000,0.0,0.00
1765506045.669964,2,390,324,1765506045669,1765506045669,0,2.95,0.0000,0.0,0.00
1765506045.712621,2,391,325,1765506045712,1765506045712,0,2.95,0.0000,0.0,0.00
1765506045.755279,2,392,326,1765506045755,1765506045755,0,2.95,0.0000,0.0,0.00
1765506045.798766,2,393,327,1765506045797,1765506045797,0,2.95,0.0000,0.0,0.00
1765506045.840134,2,394,328,1765506045840,1765506045840,0,2.95,0.0000,0.0,0.00
1765506045.882358,2,395,329,1765506045882,1765506045882,0,2.93,0.0000,0.0,0.00
1765506045.925286,2,396,330,1765506045925,1765506045925,0,2.68,0.0000,0.0,0.00
1765506045.967599,2,397,331,1765506045967,1765506045967,0,2.68,0.0000,0.0,0.00
1765506046.011214,2,398,332,1765506046009,1765506046011,2,2.68,0.0000,0.0,0.00
1765506046.052944,2,399,333,1765506046052,1765506046052,0,2.68,0.0000,0.0,0.00
1765506046.095937,2,400,334,1765506046095,1765506046095,0,2.69,0.0000,0.0,0.00
1765506046.138429,2,401,335,1765506046138,1765506046138,0,2.69,0.0000,0.0,0.00
1765506046.181112,2,402,336,1765506046180,1765506046181,1,2.70,0.0000,0.0,0.00
1765506046.223714,2,403,337,1765506046223,1765506046223,0,2.70,0.0000,0.0,0.00
1765506046.266246,2,404,338,1765506046266,1765506046266,0,2.70,0.0000,0.0,0.00
1765506046.309256,2,405,339,1765506046309,1765506046309,0,2.71,0.0000,0.0,0.00
1765506046.352097,2,406,340,1765506046351,1765506046352,1,2.71,0.0000,0.0,0.00
1765506046.394557,2,407,341,1765506046394,1765506046394,0,2.71,0.0000,0.0,0.00
1765506046.437078,2,408,342,1765506046436,1765506046437,1,2.71,0.0000,0.0,0.00
1765506046.479650,2,409,343,1765506046479,1765506046479,0,2.70,0.0000,0.0,0.00
1765506046.522566,2,410,344,1765506046522,1765506046522,0,2.71,0.0000,0.0,0.00
1765506046.564823,2,411,345,1765506046564,1765506046564,0,2.71,0.0000,0.0,0.00
1765506046.610543,2,412,346,1765506046610,1765506046610,0,2.73,0.0000,0.0,0.00
1765506046.643088,2,413,348,1765506046642,1765506046642,0,2.97,0.0000,0.0,0.00
1765506046.685658,2,414,349,1765506046685,1765506046685,0,2.97,0.0000,0.0,0.00
1765506046.728352,2,415,350,1765506046728,1765506046728,0,2.97,0.0000,0.0,0.00
1765506046.770929,2,416,351,1765506046770,1765506046770,0,2.97,0.0000,0.0,0.00
1765506046.812626,2,417,352,1765506046812,1765506046812,0,2.97,0.0000,0.0,0.00
1765506046.855170,2,418,353,1765506046855,1765506046855,0,2.97,0.0000,0.0,0.00
1765506046.897315,2,419,354,1765506046897,1765506046897,0,2.94,0.0000,0.0,0.00
1765506046.940614,2,420,355,1765506046939,1765506046940,1,2.70,0.0000,0.0,0.00
1765506046.973067,2,421,356,1765506046972,1765506046973,1,2.85,0.0000,0.0,0.00
1765506047.016865,2,422,357,1765506047016,1765506047016,0,2.69,0.0000,0.0,0.00
1765506047.059475,2,423,358,1765506047059,1765506047059,0,2.53,0.0000,0.0,0.00
1765506047.102998,2,424,359,1765506047102,1765506047102,0,2.32,0.0000,0.0,0.00
1765506047.145415,2,425,360,1765506047145,1765506047145,0,2.32,0.0000,0.0,0.00
1765506047.188151,2,426,361,1765506047187,1765506047188,1,2.32,0.0000,0.0,0.00
1765506047.230535,2,427,363,1765506047230,1765506047230,0,2.08,0.0000,0.0,0.00
1765506047.272888,2,428,364,1765506047272,1765506047272,0,2.06,0.0000,0.0,0.00
1765506047.315569,2,429,365,1765506047315,1765506047315,0,1.75,0.0000,0.0,0.00
1765506047.357793,2,430,366,1765506047357,1765506047357,0,1.75,0.0000,0.0,0.00
1765506047.401206,2,431,367,1765506047401,1765506047401,0,1.75,0.0000,0.0,0.00
1765506047.444391,2,432,369,1765506047444,1765506047444,0,1.75,0.0000,0.0,0.00
1765506047.477429,2,433,370,1765506047477,1765506047477,0,2.01,0.0000,0.0,0.00
1765506047.519550,2,434,371,1765506047519,1765506047519,0,1.97,0.0000,0.0,0.00
1765506047.562119,2,435,372,1765506047561,1765506047562,1,1.66,0.0000,0.0,0.00
1765506047.604737,2,436,373,1765506047604,1765506047604,0,1.46,0.0000,0.0,0.00
1765506047.646501,2,437,374,1765506047646,1765506047646,0,1.46,0.0000,0.0,0.00
1765506047.688987,2,438,375,1765506047688,1765506047688,0,1.46,0.0000,0.0,0.00
1765506047.731504,2,439,376,1765506047731,1765506047731,0,1.46,0.0000,0.0,0.00
1765506047.774894,2,440,377,1765506047774,1765506047774,0,1.46,0.0000,0.0,0.00
1765506047.817582,2,441,378,1765506047817,1765506047817,0,1.32,0.0000,0.0,0.00
1765506047.859705,2,442,379,1765506047859,1765506047859,0,1.31,0.0000,0.0,0.00
1765506047.902990,2,443,380,1765506047901,1765506047902,1,1.30,0.0000,0.0,0.00
1765506047.945553,2,444,382,1765506047945,1765506047945,0,1.13,0.0000,0.0,0.00
1765506047.988206,2,445,383,1765506047988,1765506047988,0,1.14,0.0000,0.0,0.00
1765506048.030341,2,446,384,1765506048030,1765506048030,0,1.12,0.0000,0.0,0.00
1765506048.072835,2,447,385,1765506048072,1765506048072,0,1.12,0.0000,0.0,0.00
1765506048.116110,2,448,386,1765506048115,1765506048116,1,1.13,0.0000,0.0,0.00
1765506048.158137,2,449,387,1765506048158,1765506048158,0,1.13,0.0000,0.0,0.00
1765506048.200676,2,450,388,1765506048200,1765506048200,0,1.13,0.0000,0.0,0.00
1765506048.242768,2,451,389,1765506048242,1765506048242,0,1.12,0.0000,0.0,0.00
1765506048.285737,2,452,390,1765506048285,1765506048285,0,1.12,0.0000,0.0,0.00
1765506048.327868,2,453,391,1765506048327,1765506048327,0,1.12,0.0000,0.0,0.00
1765506048.370638,2,454,392,1765506048370,1765506048370,0,1.12,0.0000,0.0,0.00
1765506048.412806,2,455,393,1765506048412,1765506048412,0,1.12,0.0000,0.0,0.00
1765506048.456169,2,456,394,1765506048456,1765506048456,0,1.13,0.0000,0.0,0.00
1765506048.498594,2,457,395,1765506048498,1765506048498,0,1.13,0.0000,0.0,0.00
1765506048.541715,2,458,396,1765506048540,1765506048541,1,1.12,0.0000,0.0,0.00
1765506048.583652,2,459,397,1765506048583,1765506048583,0,1.10,0.0000,0.0,0.00
1765506048.626924,2,460,398,1765506048626,1765506048626,0,1.10,0.0000,0.0,0.00
1765506048.662864,2,461,399,1765506048662,1765506048662,0,1.20,0.0000,0.0,0.00
1765506048.705265,2,462,400,1765506048705,1765506048705,0,1.20,0.0000,0.0,0.00
1765506048.747485,2,463,401,1765506048747,1765506048747,0,1.20,0.0000,0.0,0.00
1765506048.789598,2,464,402,1765506048789,1765506048789,0,1.18,0.0000,0.0,0.00
1765506048.832728,2,465,403,1765506048831,1765506048832,1,1.18,0.0000,0.0,0.00
1765506048.874410,2,466,404,1765506048874,1765506048874,0,1.17,0.0000,0.0,0.00
1765506048.916940,2,467,405,1765506048916,1765506048916,0,1.17,0.0000,0.0,0.00
1765506048.959386,2,468,406,1765506048959,1765506048959,0,1.17,0.0000,0.0,0.00
1765506049.002450,2,469,407,1765506049002,1765506049002,0,1.18,0.0000,0.0,0.00
1765506049.045374,2,470,408,1765506049045,1765506049045,0,1.18,0.0000,0.0,0.00
1765506049.087307,2,471,409,1765506049087,1765506049087,0,1.18,0.0000,0.0,0.00
1765506049.129648,2,472,410,1765506049129,1765506049129,0,1.13,0.0000,0.0,0.00
1765506049.163775,2,473,411,1765506049162,1765506049163,1,1.08,0.0000,0.0,0.00
1765506049.205441,2,474,412,1765506049205,1765506049205,0,1.07,0.0000,0.0,0.00
1765506049.246982,2,475,414,1765506049246,1765506049246,0,1.09,0.0000,0.0,0.00
1765506049.289368,2,476,415,1765506049289,1765506049289,0,1.10,0.0000,0.0,0.00
1765506049.331867,2,477,416,1765506049331,1765506049331,0,1.10,0.0000,0.0,0.00
1765506049.374171,2,478,417,1765506049374,1765506049374,0,1.10,0.0000,0.0,0.00
1765506049.416329,2,479,418,1765506049416,1765506049416,0,1.10,0.0000,0.0,0.00
1765506049.458484,2,480,419,1765506049458,1765506049458,0,1.09,0.0000,0.0,0.00
1765506049.500515,2,481,420,1765506049500,1765506049500,0,0.92,0.0000,0.0,0.00
1765506049.542696,2,482,421,1765506049542,1765506049542,0,0.91,0.0000,0.0,0.00
1765506049.585084,2,483,422,1765506049584,1765506049584,0,0.89,0.0000,0.0,0.00
1765506049.627839,2,484,423,1765506049627,1765506049627,0,0.89,0.0000,0.0,0.00
1765506049.671051,2,485,424,1765506049670,1765506049670,0,0.89,0.0000,0.0,0.00
1765506049.712029,2,486,425,1765506049711,1765506049711,0,0.89,0.0000,0.0,0.00
1765506049.753397,2,487,426,1765506049753,1765506049753,0,0.89,0.0000,0.0,0.00
1765506049.795266,2,488,427,1765506049795,1765506049795,0,0.89,0.0000,0.0,0.00
1765506049.841234,2,489,428,1765506049839,1765506049841,2,0.95,0.0000,0.0,0.00
1765506049.871971,2,490,429,1765506049871,1765506049871,0,1.21,0.0000,0.0,0.00
1765506049.914547,2,491,430,1765506049914,1765506049914,0,1.21,0.0000,0.0,0.00
1765506049.956573,2,492,431,1765506049956,1765506049956,0,1.21,0.0000,0.0,0.00
1765506049.997609,2,493,432,1765506049997,1765506049997,0,0.97,0.0000,0.0,0.00
1765506050.040200,2,494,433,1765506050040,1765506050040,0,0.99,0.0000,0.0,0.00
1765506050.081900,2,495,434,1765506050081,1765506050081,0,1.00,0.0000,0.0,0.00
1765506050.123711,2,496,435,1765506050123,1765506050123,0,1.00,0.0000,0.0,0.00
1765506050.166096,2,497,436,1765506050164,1765506050166,2,1.00,0.0000,0.0,0.00
1765506050.206988,2,498,437,1765506050206,1765506050206,0,1.06,0.0000,0.0,0.00
1765506050.248496,2,499,438,1765506050248,1765506050248,0,1.05,0.0000,0.0,0.00
1765506050.289764,2,500,439,1765506050289,1765506050289,0,1.08,0.0000,0.0,0.00
1765506050.331409,2,501,440,1765506050331,1765506050331,0,1.07,0.0000,0.0,0.00
1765506050.372618,2,502,441,1765506050372,1765506050372,0,1.09,0.0000,0.0,0.00
1765506050.414017,2,503,442,1765506050413,1765506050413,0,1.11,0.0000,0.0,0.00
1765506050.456970,2,504,444,1765506050456,1765506050456,0,1.11,0.0000,0.0,0.00
1765506050.507114,2,505,445,1765506050505,1765506050507,2,1.16,0.0000,0.0,0.00
1765506050.538926,2,506,446,1765506050538,1765506050538,0,1.45,0.0000,0.0,0.00
1765506050.580455,2,507,447,1765506050580,1765506050580,0,1.45,0.0000,0.0,0.00
1765506050.623105,2,508,448,1765506050622,1765506050623,1,1.45,0.0000,0.0,0.00
1765506050.666883,2,509,449,1765506050666,1765506050666,0,1.45,0.0000,0.0,0.00
1765506050.709960,2,510,450,1765506050709,1765506050709,0,1.46,0.0000,0.0,0.00
1765506050.751827,2,511,451,1765506050751,1765506050751,0,1.46,0.0000,0.0,0.00
1765506050.795053,2,512,452,1765506050794,1765506050794,0,1.46,0.0000,0.0,0.00
1765506050.837600,2,513,453,1765506050837,1765506050837,0,1.47,0.0000,0.0,0.00
1765506050.880204,2,514,454,1765506050880,1765506050880,0,1.47,0.0000,0.0,0.00
1765506050.922164,2,515,455,1765506050921,1765506050922,1,1.47,0.0000,0.0,0.00
1765506050.963766,2,516,456,1765506050963,1765506050963,0,1.47,0.0000,0.0,0.00
1765506051.005585,2,517,457,1765506051005,1765506051005,0,1.47,0.0000,0.0,0.00
1765506051.048539,2,518,458,1765506051048,1765506051048,0,1.47,0.0000,0.0,0.00
1765506051.091354,2,519,459,1765506051091,1765506051091,0,1.48,0.0000,0.0,0.00
1765506051.133559,2,520,460,1765506051133,1765506051133,0,1.47,0.0000,0.0,0.00
1765506051.175640,2,521,461,1765506051175,1765506051175,0,1.32,0.0000,0.0,0.00
1765506051.217758,2,522,462,1765506051217,1765506051217,0,1.31,0.0000,0.0,0.00
1765506051.260252,2,523,464,1765506051260,1765506051260,0,1.32,0.0000,0.0,0.00
1765506051.304018,2,524,465,1765506051302,1765506051303,1,1.33,0.0000,0.0,0.00
1765506051.344918,2,525,466,1765506051344,1765506051344,0,1.34,0.0000,0.0,0.00
1765506051.387442,2,526,467,1765506051387,1765506051387,0,1.35,0.0000,0.0,0.00
1765506051.429804,2,527,468,1765506051429,1765506051429,0,1.35,0.0000,0.0,0.00
1765506051.472658,2,528,469,1765506051472,1765506051472,0,1.35,0.0000,0.0,0.00
1765506051.515676,2,529,470,1765506051515,1765506051515,0,1.35,0.0000,0.0,0.00
1765506051.558957,2,530,471,1765506051558,1765506051558,0,1.35,0.0000,0.0,0.00
1765506051.600450,2,531,472,1765506051600,1765506051600,0,1.35,0.0000,0.0,0.00
1765506051.645327,2,532,473,1765506051645,1765506051645,0,1.37,0.0000,0.0,0.00
1765506051.677030,2,533,474,1765506051676,1765506051676,0,1.45,0.0000,0.0,0.00
1765506051.719034,2,534,475,1765506051718,1765506051718,0,1.45,0.0000,0.0,0.00
1765506051.760957,2,535,476,1765506051760,1765506051760,0,1.43,0.0000,0.0,0.00
1765506051.802706,2,536,477,1765506051802,1765506051802,0,1.42,0.0000,0.0,0.00
1765506051.846543,2,537,478,1765506051845,1765506051846,1,1.43,0.0000,0.0,0.00
1765506051.887678,2,538,479,1765506051887,1765506051887,0,1.45,0.0000,0.0,0.00
1765506051.929975,2,539,480,1765506051929,1765506051929,0,1.45,0.0000,0.0,0.00
1765506051.972029,2,540,481,1765506051971,1765506051971,0,1.45,0.0000,0.0,0.00
1765506052.014691,2,541,482,1765506052014,1765506052014,0,1.46,0.0000,0.0,0.00
1765506052.057222,2,542,483,1765506052057,1765506052057,0,1.46,0.0000,0.0,0.00
1765506052.100119,2,543,484,1765506052099,1765506052100,1,1.47,0.0000,0.0,0.00
1765506052.143282,2,544,485,1765506052143,1765506052143,0,1.47,0.0000,0.0,0.00
1765506052.185209,2,545,486,1765506052185,1765506052185,0,1.46,0.0000,0.0,0.00
1765506052.227992,2,546,487,1765506052227,1765506052227,0,1.44,0.0000,0.0,0.00
1765506052.271034,2,547,488,1765506052270,1765506052270,0,1.45,0.0000,0.0,0.00
1765506052.313543,2,548,489,1765506052313,1765506052313,0,1.45,0.0000,0.0,0.00
1765506052.356053,2,549,490,1765506052355,1765506052355,0,1.43,0.0000,0.0,0.00
1765506052.398584,2,550,491,1765506052398,1765506052398,0,1.19,0.0000,0.0,0.00
1765506052.441145,2,551,492,1765506052440,1765506052441,1,1.19,0.0000,0.0,0.00
1765506052.483869,2,552,493,1765506052482,1765506052483,1,1.19,0.0000,0.0,0.00
1765506052.525806,2,553,494,1765506052525,1765506052525,0,1.18,0.0000,0.0,0.00
1765506052.568084,2,554,495,1765506052567,1765506052567,0,1.16,0.0000,0.0,0.00
1765506052.610410,2,555,496,1765506052610,1765506052610,0,1.16,0.0000,0.0,0.00
1765506052.653195,2,556,497,1765506052652,1765506052653,1,1.17,0.0000,0.0,0.00
1765506052.695157,2,557,498,1765506052695,1765506052695,0,1.16,0.0000,0.0,0.00
1765506052.738411,2,558,500,1765506052738,1765506052738,0,1.14,0.0000,0.0,0.00
1765506052.780808,2,559,501,1765506052780,1765506052780,0,1.14,0.0000,0.0,0.00
1765506052.823700,2,560,502,1765506052823,1765506052823,0,1.13,0.0000,0.0,0.00
1765506052.865470,2,561,503,1765506052865,1765506052865,0,1.13,0.0000,0.0,0.00
1765506052.908446,2,562,504,1765506052908,1765506052908,0,1.12,0.0000,0.0,0.00
1765506052.951270,2,563,505,1765506052951,1765506052951,0,1.11,0.0000,0.0,0.00
1765506052.994426,2,564,506,1765506052994,1765506052994,0,1.11,0.0000,0.0,0.00
1765506053.037476,2,565,507,1765506053037,1765506053037,0,0.99,0.0000,0.0,0.00
1765506053.080840,2,566,508,1765506053080,1765506053080,0,0.80,0.0000,0.0,0.00
1765506053.123863,2,567,509,1765506053123,1765506053123,0,0.80,0.0000,0.0,0.00
1765506053.166286,2,568,510,1765506053166,1765506053166,0,0.80,0.0000,0.0,0.00
1765506053.208192,2,569,511,1765506053208,1765506053208,0,0.80,0.0000,0.0,0.00
1765506053.250677,2,570,512,1765506053250,1765506053250,0,0.79,0.0000,0.0,0.00
1765506053.292568,2,571,514,1765506053292,1765506053292,0,0.79,0.0000,0.0,0.00
1765506053.335373,2,572,515,1765506053334,1765506053335,1,0.79,0.0000,0.0,0.00
1765506053.377379,2,573,516,1765506053377,1765506053377,0,0.79,0.0000,0.0,0.00
1765506053.419245,2,574,517,1765506053419,1765506053419,0,0.78,0.0000,0.0,0.00
1765506053.462744,2,575,519,1765506053462,1765506053462,0,0.79,0.0000,0.0,0.00
1765506053.505666,2,576,520,1765506053505,1765506053505,0,0.78,0.0000,0.0,0.00
1765506053.546905,2,577,521,1765506053546,1765506053546,0,0.79,0.0000,0.0,0.00
1765506053.588730,2,578,522,1765506053588,1765506053588,0,0.79,0.0000,0.0,0.00
1765506053.622015,2,579,523,1765506053621,1765506053621,0,0.93,0.0000,0.0,0.00
1765506053.663918,2,580,524,1765506053663,1765506053663,0,0.93,0.0000,0.0,0.00
1765506053.705657,2,581,525,1765506053705,1765506053705,0,0.93,0.0000,0.0,0.00
1765506053.747419,2,582,526,1765506053747,1765506053747,0,0.93,0.0000,0.0,0.00
1765506053.798548,2,583,527,1765506053797,1765506053798,1,1.07,0.0000,0.0,0.00
1765506053.829980,2,584,528,1765506053829,1765506053829,0,1.24,0.0000,0.0,0.00
1765506053.871022,2,585,529,1765506053870,1765506053870,0,1.24,0.0000,0.0,0.00
1765506053.912690,2,586,530,1765506053912,1765506053912,0,1.22,0.0000,0.0,0.00
1765506053.956163,2,587,531,1765506053954,1765506053956,2,1.25,0.0000,0.0,0.00
1765506053.997698,2,588,532,1765506053997,1765506053997,0,1.26,0.0000,0.0,0.00
1765506054.040014,2,589,533,1765506054039,1765506054039,0,1.24,0.0000,0.0,0.00
1765506054.082324,2,590,534,1765506054082,1765506054082,0,1.24,0.0000,0.0,0.00
1765506054.129687,2,591,535,1765506054129,1765506054129,0,1.33,0.0000,0.0,0.00
1765506054.172462,2,592,536,1765506054172,1765506054172,0,1.29,0.0000,0.0,0.00
1765506054.214332,2,593,537,1765506054214,1765506054214,0,1.12,0.0000,0.0,0.00
1765506054.255797,2,594,538,1765506054255,1765506054255,0,1.14,0.0000,0.0,0.00
1765506054.298778,2,595,539,1765506054297,1765506054298,1,1.14,0.0000,0.0,0.00
1765506054.338577,2,596,540,1765506054338,1765506054338,0,1.18,0.0000,0.0,0.00
1765506054.381098,2,597,541,1765506054380,1765506054381,1,1.16,0.0000,0.0,0.00
1765506054.423688,2,598,542,1765506054423,1765506054423,0,1.14,0.0000,0.0,0.00
1765506054.466519,2,599,543,1765506054466,1765506054466,0,1.15,0.0000,0.0,0.00
1765506054.509119,2,600,544,1765506054509,1765506054509,0,1.16,0.0000,0.0,0.00
1765506054.551297,2,601,545,1765506054551,1765506054551,0,1.15,0.0000,0.0,0.00
1765506054.594297,2,602,546,1765506054593,1765506054594,1,1.15,0.0000,0.0,0.00
1765506054.635747,2,603,547,1765506054635,1765506054635,0,1.16,0.0000,0.0,0.00
1765506054.677981,2,604,548,1765506054677,1765506054677,0,1.15,0.0000,0.0,0.00
1765506054.720125,2,605,549,1765506054719,1765506054720,1,1.16,0.0000,0.0,0.00
1765506054.762376,2,606,550,1765506054762,1765506054762,0,1.16,0.0000,0.0,0.00
1765506054.804363,2,607,551,1765506054804,1765506054804,0,1.15,0.0000,0.0,0.00
1765506054.847798,2,608,552,1765506054847,1765506054847,0,1.15,0.0000,0.0,0.00
1765506054.880600,2,609,553,1765506054880,1765506054880,0,1.29,0.0000,0.0,0.00
1765506054.923263,2,610,554,1765506054923,1765506054923,0,1.29,0.0000,0.0,0.00
1765506054.965230,2,611,555,1765506054965,1765506054965,0,1.27,0.0000,0.0,0.00
1765506055.007306,2,612,556,1765506055007,1765506055007,0,1.27,0.0000,0.0,0.00
1765506055.049890,2,613,557,1765506055049,1765506055049,0,1.27,0.0000,0.0,0.00
1765506055.092024,2,614,558,1765506055091,1765506055091,0,1.27,0.0000,0.0,0.00
1765506055.134302,2,615,559,1765506055133,1765506055134,1,1.27,0.0000,0.0,0.00
1765506055.176258,2,616,560,1765506055176,1765506055176,0,1.26,0.0000,0.0,0.00
1765506055.218527,2,617,561,1765506055218,1765506055218,0,1.26,0.0000,0.0,0.00
1765506055.261655,2,618,562,1765506055261,1765506055261,0,1.26,0.0000,0.0,0.00
1765506055.303454,2,619,564,1765506055303,1765506055303,0,1.26,0.0000,0.0,0.00
1765506055.345222,2,620,565,1765506055345,1765506055345,0,1.24,0.0000,0.0,0.00
1765506055.386848,2,621,566,1765506055386,1765506055386,0,1.25,0.0000,0.0,0.00
1765506055.429040,2,622,567,1765506055428,1765506055428,0,1.23,0.0000,0.0,0.00
1765506055.473714,2,623,568,1765506055472,1765506055473,1,1.27,0.0000,0.0,0.00
1765506055.516014,2,624,569,1765506055515,1765506055515,0,1.25,0.0000,0.0,0.00
1765506055.557784,2,625,570,1765506055557,1765506055557,0,1.23,0.0000,0.0,0.00
1765506055.599775,2,626,571,1765506055599,1765506055599,0,1.23,0.0000,0.0,0.00
1765506055.641572,2,627,572,1765506055641,1765506055641,0,1.22,0.0000,0.0,0.00
1765506055.683744,2,628,573,1765506055683,1765506055683,0,1.22,0.0000,0.0,0.00
1765506055.726184,2,629,574,1765506055726,1765506055726,0,1.22,0.0000,0.0,0.00
1765506055.768503,2,630,575,1765506055768,1765506055768,0,1.22,0.0000,0.0,0.00
1765506055.812085,2,631,576,1765506055811,1765506055811,0,1.23,0.0000,0.0,0.00
1765506055.853444,2,632,577,1765506055853,1765506055853,0,1.22,0.0000,0.0,0.00
1765506055.895373,2,633,578,1765506055895,1765506055895,0,1.22,0.0000,0.0,0.00
1765506055.937097,2,634,579,1765506055936,1765506055937,1,1.22,0.0000,0.0,0.00
1765506055.979555,2,635,580,1765506055979,1765506055979,0,1.22,0.0000,0.0,0.00
1765506056.021067,2,636,581,1765506056020,1765506056020,0,1.24,0.0000,0.0,0.00
1765506056.062406,2,637,582,1765506056062,1765506056062,0,1.21,0.0000,0.0,0.00
1765506056.104358,2,638,583,1765506056104,1765506056104,0,1.21,0.0000,0.0,0.00
1765506056.146591,2,639,584,1765506056146,1765506056146,0,1.05,0.0000,0.0,0.00
1765506056.188893,2,640,585,1765506056188,1765506056188,0,1.05,0.0000,0.0,0.00
1765506056.231792,2,641,586,1765506056231,1765506056231,0,1.07,0.0000,0.0,0.00
1765506056.274592,2,642,588,1765506056274,1765506056274,0,1.09,0.0000,0.0,0.00
1765506056.317062,2,643,589,1765506056316,1765506056316,0,0.92,0.0000,0.0,0.00
1765506056.359056,2,644,590,1765506056358,1765506056359,1,0.79,0.0000,0.0,0.00
1765506056.400914,2,645,591,1765506056400,1765506056400,0,0.79,0.0000,0.0,0.00
1765506056.443087,2,646,592,1765506056442,1765506056443,1,0.80,0.0000,0.0,0.00
1765506056.486875,2,647,594,1765506056486,1765506056486,0,0.78,0.0000,0.0,0.00
1765506056.529499,2,648,595,1765506056529,1765506056529,0,0.79,0.0000,0.0,0.00
1765506056.572242,2,649,596,1765506056572,1765506056572,0,0.80,0.0000,0.0,0.00
1765506056.613591,2,650,597,1765506056613,1765506056613,0,0.80,0.0000,0.0,0.00
1765506056.654666,2,651,598,1765506056654,1765506056654,0,0.71,0.0000,0.0,0.00
1765506056.696665,2,652,599,1765506056696,1765506056696,0,0.69,0.0000,0.0,0.00
1765506056.739025,2,653,600,1765506056738,1765506056738,0,0.69,0.0000,0.0,0.00
1765506056.781397,2,654,601,1765506056781,1765506056781,0,0.70,0.0000,0.0,0.00
1765506056.824245,2,655,602,1765506056824,1765506056824,0,0.70,0.0000,0.0,0.00
1765506056.867491,2,656,603,1765506056866,1765506056867,1,0.69,0.0000,0.0,0.00
1765506056.911249,2,657,604,1765506056910,1765506056911,1,0.71,0.0000,0.0,0.00
1765506056.954084,2,658,605,1765506056953,1765506056954,1,0.73,0.0000,0.0,0.00
1765506056.997383,2,659,606,1765506056997,1765506056997,0,0.73,0.0000,0.0,0.00
1765506057.042486,2,660,607,1765506057042,1765506057042,0,0.77,0.0000,0.0,0.00
1765506057.075086,2,661,608,1765506057074,1765506057074,0,0.89,0.0000,0.0,0.00
1765506057.117043,2,662,609,1765506057116,1765506057116,0,0.88,0.0000,0.0,0.00
1765506057.159176,2,663,610,1765506057159,1765506057159,0,0.88,0.0000,0.0,0.00
1765506057.201679,2,664,611,1765506057201,1765506057201,0,0.88,0.0000,0.0,0.00
1765506057.245373,2,665,612,1765506057244,1765506057245,1,0.90,0.0000,0.0,0.00
1765506057.288542,2,666,614,1765506057288,1765506057288,0,0.92,0.0000,0.0,0.00
1765506057.330365,2,667,615,1765506057330,1765506057330,0,0.92,0.0000,0.0,0.00
1765506057.372590,2,668,616,1765506057372,1765506057372,0,0.90,0.0000,0.0,0.00
1765506057.415065,2,669,617,1765506057414,1765506057414,0,0.79,0.0000,0.0,0.00
1765506057.458510,2,670,618,1765506057457,1765506057458,1,0.81,0.0000,0.0,0.00
1765506057.500144,2,671,619,1765506057499,1765506057500,1,0.81,0.0000,0.0,0.00
1765506057.542152,2,672,620,1765506057542,1765506057542,0,0.81,0.0000,0.0,0.00
1765506057.584384,2,673,621,1765506057584,1765506057584,0,0.81,0.0000,0.0,0.00
1765506057.626088,2,674,622,1765506057625,1765506057626,1,0.81,0.0000,0.0,0.00
1765506057.668604,2,675,623,1765506057668,1765506057668,0,0.80,0.0000,0.0,0.00
1765506057.713217,2,676,624,1765506057712,1765506057713,1,0.85,0.0000,0.0,0.00
1765506057.746379,2,677,625,1765506057746,1765506057746,0,0.96,0.0000,0.0,0.00
1765506057.789523,2,678,626,1765506057789,1765506057789,0,0.96,0.0000,0.0,0.00
1765506057.832116,2,679,627,1765506057831,1765506057831,0,0.96,0.0000,0.0,0.00
1765506057.874430,2,680,628,1765506057874,1765506057874,0,0.98,0.0000,0.0,0.00
1765506057.918023,2,681,629,1765506057917,1765506057917,0,0.98,0.0000,0.0,0.00
1765506057.960297,2,682,631,1765506057960,1765506057960,0,0.99,0.0000,0.0,0.00
1765506058.001844,2,683,632,1765506058001,1765506058001,0,0.96,0.0000,0.0,0.00
1765506058.043397,2,684,633,1765506058043,1765506058043,0,0.96,0.0000,0.0,0.00
1765506058.084880,2,685,634,1765506058084,1765506058084,0,0.97,0.0000,0.0,0.00
1765506058.126876,2,686,635,1765506058126,1765506058126,0,0.97,0.0000,0.0,0.00
1765506058.171077,2,687,636,1765506058170,1765506058170,0,1.00,0.0000,0.0,0.00
1765506058.204921,2,688,637,1765506058204,1765506058204,0,1.12,0.0000,0.0,0.00
1765506058.247291,2,689,638,1765506058247,1765506058247,0,1.12,0.0000,0.0,0.00
1765506058.290634,2,690,639,1765506058290,1765506058290,0,1.14,0.0000,0.0,0.00
1765506058.333224,2,691,640,1765506058332,1765506058333,1,1.14,0.0000,0.0,0.00
1765506058.375746,2,692,641,1765506058375,1765506058375,0,1.14,0.0000,0.0,0.00
1765506058.418071,2,693,642,1765506058417,1765506058418,1,1.15,0.0000,0.0,0.00
1765506058.460042,2,694,643,1765506058459,1765506058459,0,1.17,0.0000,0.0,0.00
1765506058.503924,2,695,644,1765506058503,1765506058503,0,1.20,0.0000,0.0,0.00
1765506058.546706,2,696,646,1765506058546,1765506058546,0,1.20,0.0000,0.0,0.00
1765506058.589705,2,697,647,1765506058589,1765506058589,0,1.21,0.0000,0.0,0.00
1765506058.632715,2,698,648,1765506058632,1765506058632,0,1.22,0.0000,0.0,0.00
1765506058.675178,2,699,649,1765506058675,1765506058675,0,1.24,0.0000,0.0,0.00
1765506058.717030,2,700,650,1765506058716,1765506058716,0,1.25,0.0000,0.0,0.00
1765506058.759823,2,701,651,1765506058759,1765506058759,0,1.25,0.0000,0.0,0.00
1765506058.802212,2,702,652,1765506058802,1765506058802,0,1.25,0.0000,0.0,0.00
1765506058.844310,2,703,653,1765506058844,1765506058844,0,1.25,0.0000,0.0,0.00
1765506058.886585,2,704,654,1765506058886,1765506058886,0,1.24,0.0000,0.0,0.00
1765506058.929134,2,705,655,1765506058928,1765506058929,1,1.24,0.0000,0.0,0.00
1765506058.972097,2,706,656,1765506058971,1765506058972,1,1.24,0.0000,0.0,0.00
1765506059.014554,2,707,657,1765506059014,1765506059014,0,1.22,0.0000,0.0,0.00
1765506059.057916,2,708,658,1765506059057,1765506059057,0,1.22,0.0000,0.0,0.00
1765506059.100123,2,709,659,1765506059099,1765506059100,1,1.22,0.0000,0.0,0.00
1765506059.143905,2,710,660,1765506059143,1765506059143,0,1.22,0.0000,0.0,0.00
1765506059.178089,2,711,661,1765506059177,1765506059177,0,1.35,0.0000,0.0,0.00
1765506059.221416,2,712,662,1765506059221,1765506059221,0,1.37,0.0000,0.0,0.00
1765506059.263982,2,713,663,1765506059263,1765506059263,0,1.37,0.0000,0.0,0.00
1765506059.314261,2,714,665,1765506059313,1765506059314,1,1.49,0.0000,0.0,0.00
1765506059.346754,2,715,666,1765506059346,1765506059346,0,1.66,0.0000,0.0,0.00
1765506059.388922,2,716,667,1765506059388,1765506059388,0,1.65,0.0000,0.0,0.00
1765506059.431962,2,717,668,1765506059431,1765506059431,0,1.63,0.0000,0.0,0.00
1765506059.475818,2,718,669,1765506059475,1765506059475,0,1.65,0.0000,0.0,0.00
1765506059.520047,2,719,671,1765506059519,1765506059519,0,1.66,0.0000,0.0,0.00
1765506059.563579,2,720,672,1765506059563,1765506059563,0,1.65,0.0000,0.0,0.00
1765506059.607406,2,721,673,1765506059607,1765506059607,0,1.49,0.0000,0.0,0.00
1765506059.650218,2,722,674,1765506059649,1765506059650,1,1.50,0.0000,0.0,0.00
1765506059.692728,2,723,675,1765506059692,1765506059692,0,1.49,0.0000,0.0,0.00
1765506059.735673,2,724,676,1765506059735,1765506059735,0,1.50,0.0000,0.0,0.00
1765506059.778978,2,725,677,1765506059778,1765506059778,0,1.49,0.0000,0.0,0.00
1765506059.820639,2,726,678,1765506059820,1765506059820,0,1.48,0.0000,0.0,0.00
1765506059.862942,2,727,679,1765506059862,1765506059862,0,1.48,0.0000,0.0,0.00
1765506059.906277,2,728,680,1765506059906,1765506059906,0,1.50,0.0000,0.0,0.00
1765506059.948938,2,729,681,1765506059948,1765506059948,0,1.50,0.0000,0.0,0.00
1765506059.991271,2,730,682,1765506059991,1765506059991,0,1.49,0.0000,0.0,0.00
1765506060.034841,2,731,683,1765506060034,1765506060034,0,1.49,0.0000,0.0,0.00
1765506060.077368,2,732,684,1765506060077,1765506060077,0,1.50,0.0000,0.0,0.00
1765506060.119648,2,733,685,1765506060119,1765506060119,0,1.50,0.0000,0.0,0.00
1765506060.161889,2,734,686,1765506060161,1765506060161,0,1.50,0.0000,0.0,0.00
1765506060.204755,2,735,687,1765506060204,1765506060204,0,1.50,0.0000,0.0,0.00
1765506060.246976,2,736,688,1765506060246,1765506060246,0,1.47,0.0000,0.0,0.00
1765506060.288588,2,737,689,1765506060288,1765506060288,0,1.29,0.0000,0.0,0.00
1765506060.332072,2,738,690,1765506060331,1765506060331,0,1.29,0.0000,0.0,0.00
1765506060.375045,2,739,691,1765506060374,1765506060374,0,1.29,0.0000,0.0,0.00
1765506060.417260,2,740,692,1765506060417,1765506060417,0,1.29,0.0000,0.0,0.00
1765506060.458757,2,741,694,1765506060458,1765506060458,0,1.31,0.0000,0.0,0.00
1765506060.492560,2,742,695,1765506060492,1765506060492,0,1.47,0.0000,0.0,0.00
1765506060.535241,2,743,696,1765506060535,1765506060535,0,1.45,0.0000,0.0,0.00
1765506060.577821,2,744,697,1765506060577,1765506060577,0,1.45,0.0000,0.0,0.00
1765506060.624876,2,745,698,1765506060624,1765506060624,0,1.49,0.0000,0.0,0.00
1765506060.659128,2,746,699,1765506060659,1765506060659,0,1.63,0.0000,0.0,0.00
1765506060.707445,2,747,700,1765506060706,1765506060707,1,1.68,0.0000,0.0,0.00
1765506060.746794,2,748,701,1765506060746,1765506060746,0,1.58,0.0000,0.0,0.00
1765506060.779077,2,749,702,1765506060778,1765506060778,0,1.78,0.0000,0.0,0.00
1765506060.821246,2,750,703,1765506060821,1765506060821,0,1.78,0.0000,0.0,0.00
1765506060.863640,2,751,704,1765506060863,1765506060863,0,1.77,0.0000,0.0,0.00
1765506060.907027,2,752,705,1765506060906,1765506060906,0,1.78,0.0000,0.0,0.00
1765506060.950142,2,753,706,1765506060950,1765506060950,0,1.79,0.0000,0.0,0.00
1765506060.994520,2,754,708,1765506060994,1765506060994,0,1.79,0.0000,0.0,0.00
1765506061.037165,2,755,709,1765506061037,1765506061037,0,1.78,0.0000,0.0,0.00
1765506061.080887,2,756,710,1765506061080,1765506061080,0,1.78,0.0000,0.0,0.00
1765506061.123620,2,757,711,1765506061123,1765506061123,0,1.78,0.0000,0.0,0.00
1765506061.165819,2,758,712,1765506061165,1765506061165,0,1.77,0.0000,0.0,0.00
1765506061.208558,2,759,713,1765506061208,1765506061208,0,1.77,0.0000,0.0,0.00
1765506061.252430,2,760,714,1765506061252,1765506061252,0,1.77,0.0000,0.0,0.00
1765506061.284550,2,761,715,1765506061284,1765506061284,0,1.97,0.0000,0.0,0.00
1765506061.335645,2,762,717,1765506061334,1765506061335,1,2.07,0.0000,0.0,0.00
1765506061.369136,2,763,718,1765506061368,1765506061369,1,2.23,0.0000,0.0,0.00
1765506061.400637,2,764,719,1765506061400,1765506061400,0,2.50,0.0000,0.0,0.00
1765506061.443320,2,765,720,1765506061443,1765506061443,0,2.50,0.0000,0.0,0.00
1765506061.485688,2,766,721,1765506061485,1765506061485,0,2.49,0.0000,0.0,0.00
1765506061.528429,2,767,722,1765506061528,1765506061528,0,2.50,0.0000,0.0,0.00
1765506061.570625,2,768,723,1765506061570,1765506061570,0,2.49,0.0000,0.0,0.00
1765506061.613728,2,769,724,1765506061613,1765506061613,0,2.49,0.0000,0.0,0.00
1765506061.647500,2,770,725,1765506061647,1765506061647,0,2.70,0.0000,0.0,0.00
1765506061.689714,2,771,726,1765506061689,1765506061689,0,2.49,0.0000,0.0,0.00
1765506061.732183,2,772,727,1765506061732,1765506061732,0,2.48,0.0000,0.0,0.00
1765506061.775365,2,773,728,1765506061775,1765506061775,0,2.49,0.0000,0.0,0.00
1765506061.817858,2,774,729,1765506061817,1765506061817,0,2.44,0.0000,0.0,0.00
1765506061.859686,2,775,730,1765506061859,1765506061859,0,2.17,0.0000,0.0,0.00
1765506061.902662,2,776,731,1765506061902,1765506061902,0,2.17,0.0000,0.0,0.00
1765506061.935555,2,777,732,1765506061935,1765506061935,0,2.41,0.0000,0.0,0.00
1765506061.977600,2,778,733,1765506061977,1765506061977,0,2.40,0.0000,0.0,0.00
1765506062.020461,2,779,734,1765506062020,1765506062020,0,2.39,0.0000,0.0,0.00
1765506062.063869,2,780,735,1765506062062,1765506062063,1,2.39,0.0000,0.0,0.00
1765506062.106050,2,781,736,1765506062105,1765506062105,0,2.38,0.0000,0.0,0.00
1765506062.148256,2,782,737,1765506062148,1765506062148,0,2.38,0.0000,0.0,0.00
1765506062.190352,2,783,738,1765506062190,1765506062190,0,2.38,0.0000,0.0,0.00
1765506062.233068,2,784,739,1765506062232,1765506062232,0,2.37,0.0000,0.0,0.00
1765506062.274445,2,785,740,1765506062274,1765506062274,0,2.37,0.0000,0.0,0.00
1765506062.316785,2,786,741,1765506062316,1765506062316,0,2.37,0.0000,0.0,0.00
1765506062.359609,2,787,742,1765506062359,1765506062359,0,2.37,0.0000,0.0,0.00
1765506062.401413,2,788,743,1765506062401,1765506062401,0,2.36,0.0000,0.0,0.00
1765506062.444149,2,789,744,1765506062443,1765506062444,1,2.37,0.0000,0.0,0.00
1765506062.487923,2,790,745,1765506062486,1765506062487,1,2.37,0.0000,0.0,0.00
1765506062.530207,2,791,747,1765506062529,1765506062530,1,2.37,0.0000,0.0,0.00
1765506062.572518,2,792,748,1765506062572,1765506062572,0,2.36,0.0000,0.0,0.00
1765506062.614527,2,793,749,1765506062614,1765506062614,0,2.36,0.0000,0.0,0.00
1765506062.655895,2,794,750,1765506062655,1765506062655,0,2.37,0.0000,0.0,0.00
1765506062.698601,2,795,751,1765506062698,1765506062698,0,2.37,0.0000,0.0,0.00
1765506062.740805,2,796,752,1765506062740,1765506062740,0,2.37,0.0000,0.0,0.00
1765506062.784929,2,797,753,1765506062783,1765506062784,1,2.39,0.0000,0.0,0.00
1765506062.827359,2,798,754,1765506062827,1765506062827,0,2.39,0.0000,0.0,0.00
1765506062.869563,2,799,755,1765506062869,1765506062869,0,2.38,0.0000,0.0,0.00
1765506062.911748,2,800,756,1765506062911,1765506062911,0,2.37,0.0000,0.0,0.00
1765506062.954151,2,801,758,1765506062954,1765506062954,0,2.37,0.0000,0.0,0.00
1765506062.998006,2,802,759,1765506062996,1765506062997,1,2.16,0.0000,0.0,0.00
1765506063.039790,2,803,760,1765506063039,1765506063039,0,2.15,0.0000,0.0,0.00
1765506063.082384,2,804,761,1765506063082,1765506063082,0,2.16,0.0000,0.0,0.00
1765506063.115946,2,805,762,1765506063115,1765506063115,0,2.37,0.0000,0.0,0.00
1765506063.158524,2,806,763,1765506063158,1765506063158,0,2.20,0.0000,0.0,0.00
1765506063.201237,2,807,764,1765506063201,1765506063201,0,2.17,0.0000,0.0,0.00
1765506063.245490,2,808,765,1765506063244,1765506063245,1,2.11,0.0000,0.0,0.00
1765506063.287356,2,809,766,1765506063287,1765506063287,0,1.82,0.0000,0.0,0.00
1765506063.328991,2,810,768,1765506063328,1765506063328,0,1.84,0.0000,0.0,0.00
1765506063.370671,2,811,769,1765506063370,1765506063370,0,1.84,0.0000,0.0,0.00
1765506063.413174,2,812,770,1765506063412,1765506063413,1,1.84,0.0000,0.0,0.00
1765506063.455593,2,813,771,1765506063455,1765506063455,0,1.83,0.0000,0.0,0.00
1765506063.491558,2,814,772,1765506063491,1765506063491,0,1.98,0.0000,0.0,0.00
1765506063.523160,2,815,773,1765506063523,1765506063523,0,2.24,0.0000,0.0,0.00
1765506063.565310,2,816,774,1765506063565,1765506063565,0,2.24,0.0000,0.0,0.00
1765506063.607619,2,817,775,1765506063606,1765506063607,1,2.23,0.0000,0.0,0.00
1765506063.649351,2,818,776,1765506063649,1765506063649,0,2.23,0.0000,0.0,0.00
1765506063.691496,2,819,777,1765506063691,1765506063691,0,2.23,0.0000,0.0,0.00
1765506063.733908,2,820,778,1765506063733,1765506063733,0,2.22,0.0000,0.0,0.00
1765506063.777004,2,821,779,1765506063776,1765506063776,0,1.96,0.0000,0.0,0.00
1765506063.820518,2,822,780,1765506063819,1765506063820,1,1.93,0.0000,0.0,0.00
1765506063.861905,2,823,781,1765506063861,1765506063861,0,1.73,0.0000,0.0,0.00
1765506063.903651,2,824,782,1765506063903,1765506063903,0,1.42,0.0000,0.0,0.00
1765506063.945979,2,825,783,1765506063945,1765506063945,0,1.42,0.0000,0.0,0.00
1765506063.989263,2,826,784,1765506063988,1765506063989,1,1.43,0.0000,0.0,0.00
1765506064.031503,2,827,785,1765506064031,1765506064031,0,1.42,0.0000,0.0,0.00
1765506064.074135,2,828,786,1765506064073,1765506064074,1,1.43,0.0000,0.0,0.00
1765506064.116448,2,829,787,1765506064116,1765506064116,0,1.42,0.0000,0.0,0.00
1765506064.159038,2,830,788,1765506064158,1765506064158,0,1.20,0.0000,0.0,0.00
1765506064.200806,2,831,789,1765506064200,1765506064200,0,1.20,0.0000,0.0,0.00
1765506064.249377,2,832,790,1765506064248,1765506064249,1,1.22,0.0000,0.0,0.00
1765506064.280411,2,833,791,1765506064280,1765506064280,0,1.53,0.0000,0.0,0.00
1765506064.322728,2,834,792,1765506064322,1765506064322,0,1.53,0.0000,0.0,0.00
1765506064.364880,2,835,793,1765506064364,1765506064364,0,1.53,0.0000,0.0,0.00
1765506064.407354,2,836,794,1765506064407,1765506064407,0,1.53,0.0000,0.0,0.00
1765506064.450203,2,837,795,1765506064450,1765506064450,0,1.28,0.0000,0.0,0.00
1765506064.493159,2,838,796,1765506064493,1765506064493,0,1.28,0.0000,0.0,0.00
1765506064.535343,2,839,797,1765506064535,1765506064535,0,1.28,0.0000,0.0,0.00
1765506064.577666,2,840,798,1765506064577,1765506064577,0,1.28,0.0000,0.0,0.00
1765506064.620194,2,841,799,1765506064619,1765506064620,1,1.28,0.0000,0.0,0.00
1765506064.663253,2,842,800,1765506064662,1765506064663,1,1.28,0.0000,0.0,0.00
1765506064.705688,2,843,801,1765506064705,1765506064705,0,1.28,0.0000,0.0,0.00
1765506064.747943,2,844,802,1765506064747,1765506064747,0,1.28,0.0000,0.0,0.00
1765506064.789801,2,845,803,1765506064789,1765506064789,0,1.28,0.0000,0.0,0.00
1765506064.831281,2,846,804,1765506064831,1765506064831,0,1.28,0.0000,0.0,0.00
1765506064.873240,2,847,805,1765506064872,1765506064873,1,1.28,0.0000,0.0,0.00
1765506064.923413,2,848,806,1765506064922,1765506064923,1,1.34,0.0000,0.0,0.00
1765506064.954206,2,849,807,1765506064954,1765506064954,0,1.62,0.0000,0.0,0.00
1765506064.997109,2,850,808,1765506064996,1765506064997,1,1.62,0.0000,0.0,0.00
1765506065.042882,2,851,809,1765506065042,1765506065042,0,1.63,0.0000,0.0,0.00
1765506065.074975,2,852,810,1765506065074,1765506065074,0,1.91,0.0000,0.0,0.00
1765506065.118160,2,853,811,1765506065116,1765506065118,2,1.92,0.0000,0.0,0.00
1765506065.159589,2,854,812,1765506065159,1765506065159,0,1.92,0.0000,0.0,0.00
1765506065.201491,2,855,813,1765506065201,1765506065201,0,1.91,0.0000,0.0,0.00
1765506065.244036,2,856,814,1765506065243,1765506065243,0,1.91,0.0000,0.0,0.00
1765506065.286866,2,857,815,1765506065286,1765506065286,0,1.91,0.0000,0.0,0.00
1765506065.328854,2,858,817,1765506065328,1765506065328,0,1.91,0.0000,0.0,0.00
1765506065.370988,2,859,818,1765506065370,1765506065370,0,1.91,0.0000,0.0,0.00
1765506065.413641,2,860,819,1765506065413,1765506065413,0,1.91,0.0000,0.0,0.00
1765506065.455670,2,861,820,1765506065455,1765506065455,0,1.91,0.0000,0.0,0.00
1765506065.498176,2,862,821,1765506065498,1765506065498,0,1.91,0.0000,0.0,0.00
1765506065.540596,2,863,823,1765506065540,1765506065540,0,1.91,0.0000,0.0,0.00
1765506065.582647,2,864,824,1765506065582,1765506065582,0,1.90,0.0000,0.0,0.00
1765506065.624496,2,865,825,1765506065624,1765506065624,0,1.65,0.0000,0.0,0.00
1765506065.667244,2,866,826,1765506065667,1765506065667,0,1.65,0.0000,0.0,0.00
1765506065.710008,2,867,827,1765506065709,1765506065709,0,1.65,0.0000,0.0,0.00
1765506065.752919,2,868,828,1765506065752,1765506065752,0,1.64,0.0000,0.0,0.00
1765506065.795241,2,869,829,1765506065794,1765506065795,1,1.65,0.0000,0.0,0.00
1765506065.837342,2,870,830,1765506065837,1765506065837,0,1.62,0.0000,0.0,0.00
1765506065.879244,2,871,831,1765506065879,1765506065879,0,1.62,0.0000,0.0,0.00
1765506065.923107,2,872,832,1765506065922,1765506065923,1,1.63,0.0000,0.0,0.00
1765506065.964375,2,873,833,1765506065964,1765506065964,0,1.65,0.0000,0.0,0.00
1765506066.006330,2,874,834,1765506066006,1765506066006,0,1.48,0.0000,0.0,0.00
1765506066.048600,2,875,835,1765506066048,1765506066048,0,1.28,0.0000,0.0,0.00
1765506066.091355,2,876,837,1765506066091,1765506066091,0,1.29,0.0000,0.0,0.00
1765506066.133296,2,877,838,1765506066133,1765506066133,0,1.29,0.0000,0.0,0.00
1765506066.175027,2,878,839,1765506066174,1765506066174,0,1.31,0.0000,0.0,0.00
1765506066.217621,2,879,840,1765506066217,1765506066217,0,1.32,0.0000,0.0,0.00
1765506066.260144,2,880,841,1765506066259,1765506066260,1,1.34,0.0000,0.0,0.00
1765506066.302709,2,881,842,1765506066302,1765506066302,0,1.32,0.0000,0.0,0.00
1765506066.344818,2,882,843,1765506066344,1765506066344,0,1.28,0.0000,0.0,0.00
1765506066.386622,2,883,844,1765506066386,1765506066386,0,1.27,0.0000,0.0,0.00
1765506066.429013,2,884,845,1765506066428,1765506066428,0,1.27,0.0000,0.0,0.00
1765506066.471633,2,885,846,1765506066471,1765506066471,0,1.29,0.0000,0.0,0.00
1765506066.514384,2,886,847,1765506066514,1765506066514,0,1.27,0.0000,0.0,0.00
1765506066.555956,2,887,848,1765506066555,1765506066555,0,1.28,0.0000,0.0,0.00
1765506066.599014,2,888,849,1765506066598,1765506066598,0,1.28,0.0000,0.0,0.00
1765506066.642285,2,889,850,1765506066642,1765506066642,0,1.32,0.0000,0.0,0.00
1765506066.684022,2,890,851,1765506066683,1765506066683,0,1.33,0.0000,0.0,0.00
1765506066.726373,2,891,852,1765506066726,1765506066726,0,1.35,0.0000,0.0,0.00
1765506066.769145,2,892,853,1765506066768,1765506066769,1,1.23,0.0000,0.0,0.00
1765506066.811654,2,893,854,1765506066811,1765506066811,0,1.08,0.0000,0.0,0.00
1765506066.854158,2,894,855,1765506066854,1765506066854,0,1.09,0.0000,0.0,0.00
1765506066.896794,2,895,856,1765506066896,1765506066896,0,1.09,0.0000,0.0,0.00
1765506066.940211,2,896,857,1765506066940,1765506066940,0,1.11,0.0000,0.0,0.00
1765506066.982360,2,897,858,1765506066982,1765506066982,0,1.10,0.0000,0.0,0.00
1765506067.024847,2,898,859,1765506067024,1765506067024,0,1.09,0.0000,0.0,0.00
1765506067.067443,2,899,860,1765506067067,1765506067067,0,1.10,0.0000,0.0,0.00
1765506067.109797,2,900,861,1765506067109,1765506067109,0,1.10,0.0000,0.0,0.00
1765506067.152306,2,901,862,1765506067152,1765506067152,0,1.10,0.0000,0.0,0.00
1765506067.195157,2,902,863,1765506067194,1765506067195,1,1.10,0.0000,0.0,0.00
1765506067.239595,2,903,864,1765506067237,1765506067239,2,1.13,0.0000,0.0,0.00
1765506067.281463,2,904,865,1765506067281,1765506067281,0,1.13,0.0000,0.0,0.00
1765506067.324109,2,905,867,1765506067323,1765506067324,1,1.14,0.0000,0.0,0.00
1765506067.366465,2,906,868,1765506067366,1765506067366,0,1.14,0.0000,0.0,0.00
1765506067.408965,2,907,869,1765506067408,1765506067408,0,1.14,0.0000,0.0,0.00
1765506067.451401,2,908,870,1765506067451,1765506067451,0,1.01,0.0000,0.0,0.00
1765506067.493896,2,909,871,1765506067493,1765506067493,0,0.85,0.0000,0.0,0.00
1765506067.536680,2,910,872,1765506067536,1765506067536,0,0.85,0.0000,0.0,0.00
1765506067.579747,2,911,873,1765506067579,1765506067579,0,0.81,0.0000,0.0,0.00
1765506067.622678,2,912,874,1765506067622,1765506067622,0,0.66,0.0000,0.0,0.00
1765506067.665062,2,913,875,1765506067664,1765506067664,0,0.64,0.0000,0.0,0.00
1765506067.707618,2,914,876,1765506067707,1765506067707,0,0.63,0.0000,0.0,0.00
1765506067.749779,2,915,877,1765506067749,1765506067749,0,0.63,0.0000,0.0,0.00
1765506067.792181,2,916,878,1765506067792,1765506067792,0,0.63,0.0000,0.0,0.00
1765506067.834543,2,917,879,1765506067834,1765506067834,0,0.63,0.0000,0.0,0.00
1765506067.876616,2,918,880,1765506067876,1765506067876,0,0.63,0.0000,0.0,0.00
1765506067.918814,2,919,881,1765506067918,1765506067918,0,0.63,0.0000,0.0,0.00
1765506067.961547,2,920,882,1765506067961,1765506067961,0,0.63,0.0000,0.0,0.00
1765506068.003957,2,921,883,1765506068003,1765506068003,0,0.63,0.0000,0.0,0.00
1765506068.046055,2,922,884,1765506068045,1765506068045,0,0.63,0.0000,0.0,0.00
1765506068.089710,2,923,885,1765506068089,1765506068089,0,0.65,0.0000,0.0,0.00
1765506068.124177,2,924,886,1765506068122,1765506068124,2,0.76,0.0000,0.0,0.00
1765506068.166822,2,925,887,1765506068166,1765506068166,0,0.76,0.0000,0.0,0.00
1765506068.210055,2,926,888,1765506068209,1765506068209,0,0.76,0.0000,0.0,0.00
1765506068.252629,2,927,889,1765506068252,1765506068252,0,0.76,0.0000,0.0,0.00
1765506068.285905,2,928,890,1765506068285,1765506068285,0,0.90,0.0000,0.0,0.00
1765506068.329804,2,929,892,1765506068329,1765506068329,0,0.92,0.0000,0.0,0.00
1765506068.371602,2,930,893,1765506068371,1765506068371,0,0.92,0.0000,0.0,0.00
1765506068.414760,2,931,894,1765506068414,1765506068414,0,0.93,0.0000,0.0,0.00
1765506068.458321,2,932,895,1765506068458,1765506068458,0,0.93,0.0000,0.0,0.00
1765506068.500671,2,933,896,1765506068500,1765506068500,0,0.91,0.0000,0.0,0.00
1765506068.545230,2,934,898,1765506068545,1765506068545,0,0.95,0.0000,0.0,0.00
1765506068.582031,2,935,899,1765506068581,1765506068581,0,1.05,0.0000,0.0,0.00
1765506068.624249,2,936,900,1765506068624,1765506068624,0,1.05,0.0000,0.0,0.00
1765506068.667266,2,937,901,1765506068667,1765506068667,0,1.06,0.0000,0.0,0.00
1765506068.709849,2,938,902,1765506068709,1765506068709,0,1.04,0.0000,0.0,0.00
1765506068.752692,2,939,903,1765506068752,1765506068752,0,1.04,0.0000,0.0,0.00
1765506068.795326,2,940,904,1765506068795,1765506068795,0,1.04,0.0000,0.0,0.00
1765506068.837276,2,941,905,1765506068837,1765506068837,0,1.04,0.0000,0.0,0.00
1765506068.879014,2,942,906,1765506068878,1765506068878,0,1.06,0.0000,0.0,0.00
1765506068.921702,2,943,907,1765506068921,1765506068921,0,1.07,0.0000,0.0,0.00
1765506068.964034,2,944,908,1765506068963,1765506068963,0,1.07,0.0000,0.0,0.00
1765506069.006549,2,945,909,1765506069006,1765506069006,0,1.07,0.0000,0.0,0.00
1765506069.049253,2,946,910,1765506069048,1765506069049,1,1.07,0.0000,0.0,0.00
1765506069.091488,2,947,911,1765506069091,1765506069091,0,1.05,0.0000,0.0,0.00
1765506069.134006,2,948,912,1765506069133,1765506069133,0,1.04,0.0000,0.0,0.00
1765506069.176490,2,949,913,1765506069176,1765506069176,0,1.03,0.0000,0.0,0.00
1765506069.219497,2,950,914,1765506069218,1765506069219,1,1.02,0.0000,0.0,0.00
1765506069.261716,2,951,915,1765506069261,1765506069261,0,1.01,0.0000,0.0,0.00
1765506069.303951,2,952,916,1765506069303,1765506069303,0,1.00,0.0000,0.0,0.00
1765506069.346210,2,953,918,1765506069345,1765506069346,1,1.01,0.0000,0.0,0.00
1765506069.388792,2,954,919,1765506069388,1765506069388,0,1.00,0.0000,0.0,0.00
1765506069.431288,2,955,920,1765506069431,1765506069431,0,1.01,0.0000,0.0,0.00
1765506069.475101,2,956,921,1765506069474,1765506069474,0,0.99,0.0000,0.0,0.00
1765506069.517233,2,957,922,1765506069517,1765506069517,0,1.00,0.0000,0.0,0.00
1765506069.559153,2,958,923,1765506069558,1765506069559,1,1.00,0.0000,0.0,0.00
1765506069.602440,2,959,924,1765506069602,1765506069602,0,1.00,0.0000,0.0,0.00
1765506069.644822,2,960,925,1765506069644,1765506069644,0,1.00,0.0000,0.0,0.00
1765506069.687148,2,961,926,1765506069687,1765506069687,0,1.00,0.0000,0.0,0.00
1765506069.729069,2,962,927,1765506069728,1765506069728,0,1.01,0.0000,0.0,0.00
1765506069.771287,2,963,928,1765506069771,1765506069771,0,0.99,0.0000,0.0,0.00
1765506069.814449,2,964,929,1765506069813,1765506069814,1,1.00,0.0000,0.0,0.00
1765506069.856431,2,965,930,1765506069856,1765506069856,0,0.99,0.0000,0.0,0.00
1765506069.899276,2,966,931,1765506069899,1765506069899,0,1.00,0.0000,0.0,0.00
1765506069.941915,2,967,932,1765506069941,1765506069941,0,1.00,0.0000,0.0,0.00
1765506069.983704,2,968,933,1765506069983,1765506069983,0,0.99,0.0000,0.0,0.00
1765506070.025783,2,969,934,1765506070025,1765506070025,0,0.99,0.0000,0.0,0.00
1765506070.068283,2,970,935,1765506070068,1765506070068,0,0.99,0.0000,0.0,0.00
1765506070.111605,2,971,936,1765506070111,1765506070111,0,0.99,0.0000,0.0,0.00
1765506070.154222,2,972,937,1765506070153,1765506070154,1,0.99,0.0000,0.0,0.00
1765506070.196596,2,973,938,1765506070196,1765506070196,0,0.99,0.0000,0.0,0.00
1765506070.239030,2,974,939,1765506070238,1765506070238,0,0.98,0.0000,0.0,0.00
1765506070.282664,2,975,940,1765506070282,1765506070282,0,1.01,0.0000,0.0,0.00
1765506070.325254,2,976,941,1765506070325,1765506070325,0,1.01,0.0000,0.0,0.00
1765506070.368845,2,977,942,1765506070368,1765506070368,0,1.02,0.0000,0.0,0.00
1765506070.402529,2,978,943,1765506070402,1765506070402,0,1.16,0.0000,0.0,0.00
1765506070.445607,2,979,944,1765506070445,1765506070445,0,1.17,0.0000,0.0,0.00
1765506070.487888,2,980,945,1765506070487,1765506070487,0,1.16,0.0000,0.0,0.00
1765506070.531070,2,981,946,1765506070530,1765506070530,0,1.17,0.0000,0.0,0.00
1765506070.572954,2,982,947,1765506070572,1765506070572,0,1.17,0.0000,0.0,0.00
1765506070.615533,2,983,948,1765506070615,1765506070615,0,1.16,0.0000,0.0,0.00
1765506070.658067,2,984,949,1765506070657,1765506070657,0,1.03,0.0000,0.0,0.00
1765506070.700061,2,985,950,1765506070699,1765506070699,0,1.03,0.0000,0.0,0.00
1765506070.742182,2,986,951,1765506070741,1765506070742,1,1.03,0.0000,0.0,0.00
