time,snapshot_id,player_id,server_row,server_col,display_row,display_col
1765630265.748590,90,4,7,6,7,6
1765630265.812008,91,4,7,6,7,6
1765630265.828300,91,4,7,6,7,6
1765630265.844062,92,4,6,6,6,6
1765630265.860649,92,4,6,6,6,6
1765630265.876225,93,4,6,6,6,6
1765630265.891812,93,4,6,6,6,6
1765630265.907597,93,4,6,6,6,6
1765630265.923668,94,4,5,6,5,6
1765630265.939328,94,4,5,6,5,6
1765630265.955924,95,4,4,6,4,6
1765630265.972661,95,4,4,6,4,6
1765630265.988308,95,4,4,6,4,6
1765630266.004225,96,4,4,6,4,6
1765630266.020830,96,4,4,6,4,6
1765630266.036421,96,4,4,6,4,6
1765630266.051973,97,4,4,7,4,7
1765630266.067750,97,4,4,7,4,7
1765630266.084400,98,4,4,7,4,7
1765630266.100045,98,4,4,7,4,7
1765630266.115908,98,4,4,7,4,7
1765630266.132687,99,4,3,7,3,7
1765630266.148432,99,4,3,7,3,7
1765630266.164542,99,4,3,7,3,7
1765630266.180453,100,4,3,7,3,7
1765630266.196095,100,4,3,7,3,7
1765630266.212845,101,4,3,8,3,8
1765630266.228595,101,4,3,8,3,8
1765630266.244074,102,4,3,8,3,8
1765630266.259728,102,4,3,8,3,8
1765630266.276365,102,4,3,8,3,8
1765630266.292084,103,4,3,7,3,7
1765630266.308088,103,4,3,7,3,7
1765630266.323944,103,4,3,7,3,7
1765630266.339777,104,4,3,6,3,6
1765630266.356234,104,4,3,6,3,6
1765630266.372830,105,4,3,6,3,6
1765630266.389327,105,4,3,6,3,6
1765630266.405914,105,4,3,6,3,6
1765630266.421736,106,4,2,6,2,6
1765630266.437497,106,4,2,6,2,6
1765630266.453428,106,4,2,6,2,6
1765630266.469173,107,4,2,6,2,6
1765630266.485598,107,4,2,6,2,6
1765630266.502103,108,4,2,7,2,7
1765630266.518751,108,4,2,7,2,7
1765630266.534598,108,4,2,7,2,7
1765630266.550329,109,4,2,6,2,6
1765630266.566844,109,4,2,6,2,6
1765630266.582825,110,4,2,6,2,6
1765630266.598102,110,4,2,6,2,6
1765630266.613647,110,4,2,6,2,6
1765630266.629090,111,4,2,6,2,6
1765630266.644801,111,4,2,6,2,6
1765630266.661350,112,4,1,6,1,6
1765630266.677851,112,4,1,6,1,6
1765630266.694474,113,4,1,6,1,6
1765630266.710023,113,4,1,6,1,6
1765630266.725575,113,4,1,6,1,6
1765630266.741498,114,4,0,6,0,6
1765630266.757451,114,4,0,6,0,6
1765630266.773279,115,4,0,6,0,6
1765630266.789872,115,4,0,6,0,6
1765630266.805559,115,4,0,6,0,6
1765630266.821586,116,4,0,7,0,7
1765630266.838261,116,4,0,7,0,7
1765630266.853978,116,4,0,7,0,7
1765630266.869633,117,4,0,7,0,7
1765630266.886163,117,4,0,7,0,7
1765630266.903153,118,4,0,6,0,6
1765630266.919137,118,4,0,6,0,6
1765630266.935673,118,4,0,6,0,6
1765630266.951586,119,4,0,5,0,5
1765630266.968581,119,4,0,5,0,5
1765630266.984332,120,4,0,5,0,5
1765630266.999858,120,4,0,5,0,5
1765630267.015979,120,4,0,5,0,5
1765630267.032055,121,4,0,5,0,5
1765630267.047746,121,4,0,5,0,5
1765630267.063797,121,4,0,5,0,5
1765630267.079756,122,4,0,5,0,5
1765630267.095675,122,4,0,5,0,5
1765630267.111562,123,4,1,5,1,5
1765630267.127226,123,4,1,5,1,5
1765630267.143791,123,4,1,5,1,5
1765630267.160484,124,4,2,5,2,5
1765630267.176072,124,4,2,5,2,5
1765630267.191717,125,4,2,5,2,5
1765630267.207362,125,4,2,5,2,5
1765630267.224077,125,4,2,5,2,5
1765630267.239930,126,4,1,5,1,5
1765630267.255672,126,4,1,5,1,5
1765630267.272362,126,4,1,5,1,5
1765630267.288821,127,4,1,5,1,5
1765630267.305319,127,4,1,5,1,5
1765630267.320867,128,4,1,4,1,4
1765630267.336584,128,4,1,4,1,4
1765630267.352343,128,4,1,4,1,4
1765630267.368086,129,4,1,3,1,3
1765630267.383917,129,4,1,3,1,3
1765630267.399780,129,4,1,3,1,3
1765630267.415749,130,4,1,3,1,3
1765630267.432484,130,4,1,3,1,3
1765630267.448258,131,4,1,4,1,4
1765630267.463862,131,4,1,4,1,4
1765630267.479602,131,4,1,4,1,4
1765630267.495512,132,4,1,3,1,3
1765630267.511591,132,4,1,3,1,3
1765630267.527388,133,4,1,3,1,3
1765630267.543084,133,4,1,3,1,3
1765630267.558798,133,4,1,3,1,3
1765630267.575523,134,4,1,4,1,4
1765630267.591344,134,4,1,4,1,4
1765630267.606983,134,4,1,4,1,4
1765630267.623696,135,4,1,4,1,4
1765630267.639460,135,4,1,4,1,4
1765630267.655197,136,4,1,4,1,4
1765630267.671183,136,4,1,4,1,4
1765630267.687004,136,4,1,4,1,4
1765630267.703807,137,4,0,4,0,4
1765630267.720347,137,4,0,4,0,4
1765630267.735908,138,4,0,4,0,4
1765630267.751675,138,4,0,4,0,4
1765630267.768306,138,4,0,4,0,4
1765630267.784168,139,4,0,4,0,4
1765630267.800056,139,4,0,4,0,4
1765630267.815988,139,4,0,4,0,4
1765630267.831710,140,4,1,4,1,4
1765630267.848096,140,4,1,4,1,4
1765630267.864613,141,4,1,4,1,4
1765630267.881259,141,4,1,4,1,4
1765630267.897192,141,4,1,4,1,4
1765630267.912626,142,4,0,4,0,4
1765630267.927696,142,4,0,4,0,4
1765630267.943649,142,4,0,4,0,4
1765630267.960450,143,4,0,5,0,5
1765630267.976361,143,4,0,5,0,5
1765630267.992062,144,4,0,5,0,5
1765630268.008023,144,4,0,5,0,5
1765630268.023606,144,4,0,5,0,5
1765630268.039608,145,4,0,5,0,5
1765630268.055331,145,4,0,5,0,5
1765630268.071333,146,4,0,5,0,5
1765630268.087174,146,4,0,5,0,5
1765630268.102897,146,4,0,5,0,5
1765630268.119553,147,4,0,5,0,5
1765630268.135753,147,4,0,5,0,5
1765630268.152385,147,4,0,5,0,5
1765630268.168273,148,4,0,5,0,5
1765630268.184021,148,4,0,5,0,5
1765630268.200599,149,4,0,4,0,4
1765630268.217112,149,4,0,4,0,4
1765630268.232821,149,4,0,4,0,4
1765630268.248430,150,4,0,4,0,4
1765630268.263960,150,4,0,4,0,4
1765630268.280672,151,4,0,4,0,4
1765630268.296845,151,4,0,4,0,4
1765630268.312937,151,4,0,4,0,4
1765630268.328895,152,4,0,3,0,3
1765630268.344608,152,4,0,3,0,3
1765630268.360216,152,4,0,3,0,3
1765630268.375802,153,4,0,3,0,3
1765630268.392664,153,4,0,3,0,3
1765630268.408196,154,4,0,3,0,3
1765630268.423907,154,4,0,3,0,3
1765630268.439745,154,4,0,3,0,3
1765630268.455422,155,4,0,3,0,3
1765630268.470973,155,4,0,3,0,3
1765630268.486737,155,4,0,3,0,3
1765630268.503514,156,4,0,3,0,3
1765630268.519074,156,4,0,3,0,3
1765630268.534849,157,4,0,3,0,3
1765630268.551456,157,4,0,3,0,3
1765630268.567430,157,4,0,3,0,3
1765630268.583338,158,4,1,3,1,3
1765630268.599632,158,4,1,3,1,3
1765630268.616325,159,4,0,3,0,3
1765630268.631957,159,4,0,3,0,3
1765630268.647753,159,4,0,3,0,3
1765630268.664322,160,4,0,3,0,3
1765630268.680118,160,4,0,3,0,3
1765630268.695812,160,4,0,3,0,3
1765630268.710878,161,4,0,3,0,3
1765630268.726408,161,4,0,3,0,3
1765630268.742414,162,4,0,3,0,3
1765630268.759006,162,4,0,3,0,3
1765630268.774545,162,4,0,3,0,3
1765630268.790021,163,4,0,3,0,3
1765630268.805649,163,4,0,3,0,3
1765630268.821103,163,4,0,3,0,3
1765630268.836967,164,4,0,3,0,3
1765630268.852763,164,4,0,3,0,3
1765630268.867970,165,4,0,3,0,3
1765630268.884025,165,4,0,3,0,3
1765630268.900120,165,4,0,3,0,3
1765630268.915779,166,4,0,3,0,3
1765630268.932510,166,4,0,3,0,3
1765630268.948125,167,4,0,3,0,3
1765630268.963443,167,4,0,3,0,3
1765630268.979368,167,4,0,3,0,3
1765630268.996053,168,4,0,3,0,3
1765630269.011959,168,4,0,3,0,3
1765630269.027722,168,4,0,3,0,3
1765630269.043483,169,4,1,3,1,3
1765630269.059439,169,4,1,3,1,3
1765630269.075283,170,4,2,3,2,3
1765630269.091023,170,4,2,3,2,3
1765630269.106897,170,4,2,3,2,3
1765630269.122565,171,4,2,3,2,3
1765630269.137937,171,4,2,3,2,3
1765630269.153341,171,4,2,3,2,3
1765630269.169341,172,4,2,4,2,4
1765630269.185822,172,4,2,4,2,4
1765630269.201724,173,4,2,4,2,4
1765630269.217753,173,4,2,4,2,4
1765630269.233489,174,4,2,4,2,4
1765630269.248918,174,4,2,4,2,4
1765630269.264697,174,4,2,4,2,4
1765630269.281410,175,4,2,4,2,4
1765630269.297322,175,4,2,4,2,4
1765630269.312852,176,4,2,3,2,3
1765630269.329385,176,4,2,3,2,3
1765630269.346524,176,4,2,3,2,3
1765630269.362484,177,4,2,3,2,3
1765630269.378228,177,4,2,3,2,3
1765630269.393895,177,4,2,3,2,3
1765630269.410542,178,4,2,2,2,2
1765630269.426629,178,4,2,2,2,2
1765630269.443268,179,4,2,2,2,2
1765630269.459857,179,4,2,2,2,2
1765630269.475796,179,4,2,2,2,2
1765630269.491829,180,4,1,2,1,2
1765630269.507473,180,4,1,2,1,2
1765630269.523512,181,4,1,2,1,2
1765630269.539124,181,4,1,2,1,2
1765630269.554946,181,4,1,2,1,2
1765630269.571517,182,4,1,2,1,2
1765630269.587970,182,4,1,2,1,2
1765630269.603700,183,4,2,2,2,2
1765630269.619324,183,4,2,2,2,2
1765630269.635037,183,4,2,2,2,2
1765630269.650779,184,4,1,2,1,2
1765630269.666543,184,4,1,2,1,2
1765630269.682350,184,4,1,2,1,2
1765630269.698010,185,4,1,2,1,2
1765630269.713860,185,4,1,2,1,2
1765630269.730742,186,4,1,2,1,2
1765630269.746750,186,4,1,2,1,2
1765630269.762604,186,4,1,2,1,2
1765630269.778691,187,4,1,2,1,2
1765630269.794766,187,4,1,2,1,2
1765630269.810455,187,4,1,2,1,2
1765630269.826271,188,4,2,2,2,2
1765630269.841817,188,4,2,2,2,2
1765630269.857903,189,4,2,2,2,2
1765630269.874016,189,4,2,2,2,2
1765630269.890109,189,4,2,2,2,2
1765630269.905932,190,4,3,2,3,2
1765630269.922627,190,4,3,2,3,2
1765630269.938638,191,4,3,2,3,2
1765630269.954694,191,4,3,2,3,2
1765630269.970454,191,4,3,2,3,2
1765630269.987109,192,4,3,3,3,3
1765630270.002994,192,4,3,3,3,3
1765630270.018748,192,4,3,3,3,3
1765630270.034605,193,4,3,4,3,4
1765630270.050192,193,4,3,4,3,4
1765630270.066744,194,4,3,4,3,4
1765630270.082589,194,4,3,4,3,4
1765630270.098353,194,4,3,4,3,4
1765630270.114094,195,4,3,5,3,5
1765630270.130789,195,4,3,5,3,5
1765630270.146556,195,4,3,5,3,5
1765630270.162313,196,4,2,5,2,5
1765630270.178349,196,4,2,5,2,5
1765630270.194297,197,4,2,5,2,5
1765630270.210769,197,4,2,5,2,5
1765630270.226446,197,4,2,5,2,5
1765630270.242031,198,4,2,5,2,5
1765630270.257697,198,4,2,5,2,5
1765630270.273667,198,4,2,5,2,5
1765630270.289726,199,4,2,4,2,4
1765630270.306301,199,4,2,4,2,4
1765630270.322110,200,4,2,4,2,4
1765630270.337655,200,4,2,4,2,4
1765630270.354608,200,4,2,4,2,4
1765630270.370529,201,4,2,4,2,4
1765630270.387121,201,4,2,4,2,4
1765630270.402907,202,4,3,4,3,4
1765630270.418754,202,4,3,4,3,4
1765630270.434686,202,4,3,4,3,4
1765630270.450456,203,4,3,5,3,5
1765630270.467224,203,4,3,5,3,5
1765630270.483332,204,4,2,5,2,5
1765630270.499911,204,4,2,5,2,5
1765630270.515728,204,4,2,5,2,5
1765630270.531330,205,4,2,5,2,5
1765630270.547210,205,4,2,5,2,5
1765630270.563402,205,4,2,5,2,5
1765630270.579624,206,4,1,5,1,5
1765630270.596398,206,4,1,5,1,5
1765630270.612282,207,4,1,5,1,5
1765630270.628194,207,4,1,5,1,5
1765630270.644080,208,4,1,5,1,5
1765630270.659647,208,4,1,5,1,5
1765630270.675723,208,4,1,5,1,5
1765630270.691324,209,4,1,5,1,5
1765630270.707248,209,4,1,5,1,5
1765630270.723176,209,4,1,5,1,5
1765630270.739008,210,4,1,5,1,5
1765630270.754725,210,4,1,5,1,5
1765630270.770525,211,4,1,5,1,5
1765630270.787369,211,4,1,5,1,5
1765630270.803345,211,4,1,5,1,5
1765630270.820068,212,4,2,5,2,5
1765630270.836104,212,4,2,5,2,5
1765630270.852926,213,4,2,5,2,5
1765630270.868652,213,4,2,5,2,5
1765630270.884422,213,4,2,5,2,5
1765630270.900629,214,4,2,6,2,6
1765630270.915754,214,4,2,6,2,6
1765630270.931964,214,4,2,6,2,6
1765630270.948237,215,4,2,6,2,6
1765630270.964289,215,4,2,6,2,6
1765630270.980222,216,4,1,6,1,6
1765630270.996005,216,4,1,6,1,6
1765630271.011923,216,4,1,6,1,6
1765630271.027559,217,4,1,6,1,6
1765630271.043179,217,4,1,6,1,6
1765630271.059373,217,4,1,6,1,6
1765630271.075069,218,4,1,7,1,7
1765630271.091911,218,4,1,7,1,7
1765630271.107602,219,4,1,7,1,7
1765630271.123540,219,4,1,7,1,7
1765630271.140089,219,4,1,7,1,7
1765630271.155891,220,4,1,8,1,8
1765630271.171763,220,4,1,8,1,8
1765630271.187506,220,4,1,8,1,8
1765630271.203217,221,4,0,8,0,8
1765630271.219112,221,4,0,8,0,8
1765630271.235707,222,4,0,8,0,8
1765630271.251401,222,4,0,8,0,8
1765630271.267212,222,4,0,8,0,8
1765630271.283062,223,4,0,7,0,7
1765630271.298697,223,4,0,7,0,7
1765630271.313981,224,4,0,7,0,7
1765630271.329798,224,4,0,7,0,7
1765630271.346651,224,4,0,7,0,7
1765630271.362494,225,4,1,7,1,7
1765630271.378338,225,4,1,7,1,7
1765630271.393886,225,4,1,7,1,7
1765630271.409863,226,4,2,7,2,7
1765630271.426424,226,4,2,7,2,7
1765630271.442277,227,4,3,7,3,7
1765630271.457862,227,4,3,7,3,7
1765630271.474018,227,4,3,7,3,7
1765630271.490710,228,4,3,7,3,7
1765630271.507479,228,4,3,7,3,7
1765630271.522386,228,4,3,7,3,7
1765630271.539241,229,4,3,7,3,7
1765630271.554621,229,4,3,7,3,7
1765630271.570465,230,4,3,7,3,7
1765630271.586094,230,4,3,7,3,7
1765630271.602740,230,4,3,7,3,7
1765630271.618480,231,4,2,7,2,7
1765630271.634236,231,4,2,7,2,7
1765630271.651135,232,4,2,7,2,7
1765630271.667256,232,4,2,7,2,7
1765630271.683240,232,4,2,7,2,7
1765630271.699115,233,4,2,6,2,6
1765630271.714890,233,4,2,6,2,6
1765630271.730799,233,4,2,6,2,6
1765630271.746732,234,4,2,6,2,6
1765630271.762533,234,4,2,6,2,6
1765630271.779346,235,4,2,5,2,5
1765630271.795088,235,4,2,5,2,5
1765630271.810859,235,4,2,5,2,5
1765630271.827490,236,4,2,4,2,4
1765630271.843059,236,4,2,4,2,4
1765630271.858825,237,4,2,4,2,4
1765630271.875627,237,4,2,4,2,4
1765630271.891318,237,4,2,4,2,4
1765630271.906942,238,4,2,4,2,4
1765630271.922898,238,4,2,4,2,4
1765630271.939023,238,4,2,4,2,4
1765630271.954848,239,4,2,4,2,4
1765630271.970656,239,4,2,4,2,4
1765630271.986772,240,4,1,4,1,4
1765630272.002654,240,4,1,4,1,4
1765630272.018868,240,4,1,4,1,4
1765630272.035798,241,4,1,4,1,4
1765630272.051867,241,4,1,4,1,4
1765630272.067916,242,4,1,4,1,4
1765630272.083106,242,4,1,4,1,4
1765630272.098900,242,4,1,4,1,4
1765630272.114591,243,4,0,4,0,4
1765630272.130416,243,4,0,4,0,4
1765630272.146001,243,4,0,4,0,4
1765630272.161788,244,4,0,4,0,4
1765630272.177520,244,4,0,4,0,4
1765630272.193584,245,4,1,4,1,4
1765630272.209696,245,4,1,4,1,4
1765630272.225486,245,4,1,4,1,4
1765630272.241526,246,4,1,4,1,4
1765630272.257060,246,4,1,4,1,4
1765630272.273599,246,4,1,4,1,4
1765630272.289592,247,4,1,4,1,4
1765630272.305586,247,4,1,4,1,4
1765630272.321336,248,4,1,4,1,4
1765630272.337166,248,4,1,4,1,4
1765630272.353870,248,4,1,4,1,4
1765630272.369317,249,4,1,4,1,4
1765630272.384922,249,4,1,4,1,4
1765630272.400622,249,4,1,4,1,4
1765630272.417236,250,4,1,4,1,4
1765630272.433844,250,4,1,4,1,4
1765630272.449652,251,4,1,4,1,4
1765630272.465367,251,4,1,4,1,4
1765630272.481269,251,4,1,4,1,4
1765630272.497043,252,4,1,4,1,4
1765630272.513620,252,4,1,4,1,4
1765630272.529562,253,4,2,4,2,4
1765630272.545348,253,4,2,4,2,4
1765630272.562245,253,4,2,4,2,4
1765630272.577873,254,4,2,4,2,4
1765630272.593322,254,4,2,4,2,4
1765630272.609331,254,4,2,4,2,4
1765630272.624983,255,4,3,4,3,4
1765630272.640759,255,4,3,4,3,4
1765630272.657274,256,4,3,4,3,4
1765630272.674065,256,4,3,4,3,4
1765630272.689934,256,4,3,4,3,4
1765630272.706725,257,4,3,4,3,4
1765630272.722719,257,4,3,4,3,4
1765630272.739105,258,4,3,4,3,4
1765630272.754944,258,4,3,4,3,4
1765630272.771162,258,4,3,4,3,4
1765630272.786987,259,4,3,4,3,4
1765630272.803168,259,4,3,4,3,4
1765630272.819433,259,4,3,4,3,4
1765630272.835608,260,4,2,4,2,4
1765630272.851546,260,4,2,4,2,4
1765630272.867251,261,4,2,3,2,3
1765630272.884016,261,4,2,3,2,3
1765630272.899811,261,4,2,3,2,3
1765630272.915568,262,4,2,3,2,3
1765630272.931561,262,4,2,3,2,3
1765630272.946797,263,4,2,3,2,3
1765630272.962476,263,4,2,3,2,3
1765630272.978424,263,4,2,3,2,3
1765630272.993998,264,4,2,4,2,4
1765630273.009661,264,4,2,4,2,4
1765630273.025624,264,4,2,4,2,4
1765630273.042155,265,4,2,4,2,4
1765630273.058346,265,4,2,4,2,4
1765630273.074976,266,4,1,4,1,4
1765630273.090743,266,4,1,4,1,4
1765630273.106272,266,4,1,4,1,4
1765630273.123033,267,4,1,4,1,4
1765630273.138836,267,4,1,4,1,4
1765630273.154133,267,4,1,4,1,4
1765630273.170004,268,4,1,4,1,4
1765630273.186551,268,4,1,4,1,4
1765630273.202971,269,4,0,4,0,4
1765630273.218708,269,4,0,4,0,4
1765630273.234272,269,4,0,4,0,4
1765630273.249938,270,4,0,4,0,4
1765630273.266647,270,4,0,4,0,4
1765630273.283204,270,4,0,4,0,4
1765630273.298869,271,4,1,4,1,4
1765630273.314713,271,4,1,4,1,4
1765630273.331154,272,4,1,4,1,4
1765630273.346922,272,4,1,4,1,4
1765630273.363161,272,4,1,4,1,4
1765630273.379239,273,4,1,4,1,4
1765630273.395933,273,4,1,4,1,4
1765630273.411794,274,4,1,4,1,4
1765630273.427422,274,4,1,4,1,4
1765630273.444064,275,4,1,4,1,4
1765630273.459995,275,4,1,4,1,4
1765630273.475912,275,4,1,4,1,4
1765630273.492490,276,4,0,4,0,4
1765630273.508678,276,4,0,4,0,4
1765630273.524470,277,4,0,4,0,4
1765630273.540151,277,4,0,4,0,4
1765630273.556608,278,4,1,4,1,4
1765630273.573364,278,4,1,4,1,4
1765630273.589056,279,4,1,4,1,4
1765630273.604801,279,4,1,4,1,4
1765630273.620697,279,4,1,4,1,4
1765630273.636697,280,4,1,5,1,5
1765630273.653598,280,4,1,5,1,5
1765630273.668847,280,4,1,5,1,5
1765630273.684659,281,4,1,5,1,5
1765630273.700496,281,4,1,5,1,5
1765630273.716502,282,4,1,5,1,5
1765630273.733104,282,4,1,5,1,5
1765630273.749961,282,4,1,5,1,5
1765630273.766503,283,4,2,5,2,5
1765630273.782219,283,4,2,5,2,5
1765630273.798138,284,4,2,5,2,5
1765630273.813719,284,4,2,5,2,5
1765630273.829430,284,4,2,5,2,5
1765630273.845999,285,4,2,5,2,5
1765630273.861812,285,4,2,5,2,5
1765630273.877652,285,4,2,5,2,5
1765630273.893529,286,4,2,5,2,5
1765630273.909524,286,4,2,5,2,5
1765630273.925395,287,4,1,5,1,5
1765630273.941059,287,4,1,5,1,5
1765630273.956687,287,4,1,5,1,5
1765630273.973406,288,4,1,5,1,5
1765630273.989106,288,4,1,5,1,5
1765630274.004780,288,4,1,5,1,5
1765630274.021515,289,4,1,5,1,5
1765630274.037378,289,4,1,5,1,5
1765630274.053102,290,4,1,5,1,5
1765630274.069748,290,4,1,5,1,5
1765630274.085407,290,4,1,5,1,5
1765630274.101092,291,4,2,5,2,5
1765630274.117006,291,4,2,5,2,5
1765630274.132643,292,4,1,5,1,5
1765630274.148281,292,4,1,5,1,5
1765630274.164142,292,4,1,5,1,5
1765630274.179854,293,4,1,5,1,5
1765630274.195474,293,4,1,5,1,5
1765630274.211136,293,4,1,5,1,5
1765630274.227810,294,4,1,6,1,6
1765630274.243628,294,4,1,6,1,6
1765630274.259541,295,4,1,7,1,7
1765630274.276366,295,4,1,7,1,7
1765630274.292138,295,4,1,7,1,7
1765630274.308677,296,4,1,7,1,7
1765630274.325279,296,4,1,7,1,7
1765630274.340892,296,4,1,7,1,7
1765630274.356413,297,4,2,7,2,7
1765630274.372138,297,4,2,7,2,7
1765630274.388856,298,4,2,7,2,7
1765630274.404409,298,4,2,7,2,7
1765630274.419996,298,4,2,7,2,7
1765630274.435688,299,4,2,7,2,7
1765630274.451784,299,4,2,7,2,7
1765630274.468160,300,4,2,6,2,6
1765630274.484076,300,4,2,6,2,6
1765630274.500780,300,4,2,6,2,6
1765630274.516596,301,4,2,6,2,6
1765630274.532400,301,4,2,6,2,6
1765630274.549041,301,4,2,6,2,6
1765630274.565091,302,4,2,5,2,5
1765630274.581759,302,4,2,5,2,5
1765630274.597399,303,4,2,5,2,5
1765630274.613414,303,4,2,5,2,5
1765630274.629152,303,4,2,5,2,5
1765630274.644880,304,4,2,4,2,4
1765630274.661409,304,4,2,4,2,4
1765630274.677274,305,4,2,4,2,4
1765630274.693384,305,4,2,4,2,4
1765630274.709177,305,4,2,4,2,4
1765630274.724995,306,4,2,4,2,4
1765630274.741504,306,4,2,4,2,4
1765630274.757275,306,4,2,4,2,4
1765630274.772942,307,4,2,5,2,5
1765630274.788612,307,4,2,5,2,5
1765630274.805110,308,4,2,6,2,6
1765630274.821824,308,4,2,6,2,6
1765630274.837623,308,4,2,6,2,6
1765630274.853218,309,4,2,6,2,6
1765630274.870003,309,4,2,6,2,6
1765630274.886004,310,4,2,7,2,7
1765630274.902686,310,4,2,7,2,7
1765630274.918579,310,4,2,7,2,7
1765630274.934181,311,4,2,7,2,7
1765630274.951041,311,4,2,7,2,7
1765630274.967023,311,4,2,7,2,7
1765630274.982921,312,4,2,7,2,7
1765630274.998898,312,4,2,7,2,7
1765630275.014655,313,4,1,7,1,7
1765630275.030481,313,4,1,7,1,7
1765630275.047253,313,4,1,7,1,7
1765630275.062967,314,4,1,7,1,7
1765630275.078805,314,4,1,7,1,7
1765630275.095616,315,4,1,7,1,7
1765630275.111487,315,4,1,7,1,7
1765630275.128192,315,4,1,7,1,7
1765630275.143877,316,4,1,6,1,6
1765630275.159597,316,4,1,6,1,6
1765630275.175508,316,4,1,6,1,6
1765630275.191479,317,4,1,6,1,6
1765630275.207596,317,4,1,6,1,6
1765630275.223548,318,4,0,6,0,6
1765630275.239327,318,4,0,6,0,6
1765630275.255288,318,4,0,6,0,6
1765630275.271158,319,4,0,6,0,6
1765630275.286936,319,4,0,6,0,6
1765630275.303776,319,4,0,6,0,6
1765630275.319412,320,4,0,5,0,5
1765630275.335088,320,4,0,5,0,5
1765630275.351869,321,4,0,5,0,5
1765630275.367486,321,4,0,5,0,5
1765630275.383015,321,4,0,5,0,5
1765630275.398606,322,4,0,4,0,4
1765630275.414211,322,4,0,4,0,4
1765630275.431009,323,4,0,4,0,4
1765630275.447151,323,4,0,4,0,4
1765630275.463720,323,4,0,4,0,4
1765630275.479404,324,4,0,5,0,5
1765630275.495101,324,4,0,5,0,5
1765630275.510743,325,4,0,5,0,5
1765630275.527459,325,4,0,5,0,5
1765630275.543090,325,4,0,5,0,5
1765630275.558351,326,4,0,5,0,5
1765630275.573931,326,4,0,5,0,5
1765630275.589396,326,4,0,5,0,5
1765630275.605249,327,4,0,5,0,5
1765630275.621636,327,4,0,5,0,5
1765630275.637762,327,4,0,5,0,5
1765630275.653402,328,4,0,5,0,5
1765630275.669755,328,4,0,5,0,5
1765630275.685949,329,4,0,5,0,5
1765630275.701316,329,4,0,5,0,5
1765630275.717157,330,4,0,4,0,4
1765630275.733201,330,4,0,4,0,4
1765630275.748253,330,4,0,4,0,4
1765630275.763941,331,4,0,4,0,4
1765630275.779285,331,4,0,4,0,4
1765630275.795116,331,4,0,4,0,4
1765630275.811044,332,4,1,4,1,4
1765630275.827111,332,4,1,4,1,4
1765630275.842860,333,4,2,4,2,4
1765630275.858202,333,4,2,4,2,4
1765630275.873986,333,4,2,4,2,4
1765630275.890488,334,4,2,4,2,4
1765630275.906697,334,4,2,4,2,4
1765630275.922792,335,4,2,4,2,4
1765630275.938277,335,4,2,4,2,4
1765630275.953976,335,4,2,4,2,4
1765630275.969168,336,4,2,3,2,3
1765630275.984927,336,4,2,3,2,3
1765630276.001055,337,4,2,3,2,3
1765630276.020504,337,4,2,3,2,3
1765630276.036324,338,4,2,3,2,3
1765630276.052140,338,4,2,3,2,3
1765630276.068420,338,4,2,3,2,3
1765630276.084650,339,4,2,3,2,3
1765630276.100708,339,4,2,3,2,3
1765630276.117412,340,4,2,4,2,4
1765630276.133330,340,4,2,4,2,4
1765630276.149319,341,4,2,4,2,4
1765630276.164983,341,4,2,4,2,4
1765630276.180827,341,4,2,4,2,4
1765630276.196669,342,4,2,5,2,5
1765630276.212525,342,4,2,5,2,5
1765630276.228490,342,4,2,5,2,5
1765630276.244007,343,4,2,5,2,5
1765630276.259712,343,4,2,5,2,5
1765630276.275741,344,4,3,5,3,5
1765630276.291486,344,4,3,5,3,5
1765630276.308202,344,4,3,5,3,5
1765630276.324090,345,4,3,5,3,5
1765630276.339802,345,4,3,5,3,5
1765630276.356576,346,4,3,6,3,6
1765630276.372453,346,4,3,6,3,6
1765630276.388383,346,4,3,6,3,6
1765630276.404304,347,4,3,6,3,6
1765630276.420404,347,4,3,6,3,6
1765630276.436212,347,4,3,6,3,6
1765630276.452272,348,4,2,6,2,6
1765630276.468039,348,4,2,6,2,6
1765630276.484683,349,4,2,6,2,6
1765630276.501382,349,4,2,6,2,6
1765630276.517233,349,4,2,6,2,6
1765630276.533481,350,4,1,6,1,6
1765630276.550186,350,4,1,6,1,6
1765630276.566466,351,4,1,6,1,6
1765630276.582850,351,4,1,6,1,6
1765630276.599477,351,4,1,6,1,6
1765630276.615730,352,4,1,7,1,7
1765630276.631798,352,4,1,7,1,7
1765630276.648068,352,4,1,7,1,7
1765630276.664518,353,4,0,7,0,7
1765630276.681330,353,4,0,7,0,7
1765630276.697010,354,4,0,7,0,7
1765630276.712645,354,4,0,7,0,7
1765630276.729423,354,4,0,7,0,7
1765630276.745941,355,4,0,6,0,6
1765630276.762324,355,4,0,6,0,6
1765630276.778309,356,4,0,6,0,6
1765630276.795081,356,4,0,6,0,6
1765630276.810868,356,4,0,6,0,6
1765630276.826798,357,4,0,7,0,7
1765630276.842485,357,4,0,7,0,7
1765630276.858381,358,4,0,7,0,7
1765630276.874274,358,4,0,7,0,7
1765630276.890346,358,4,0,7,0,7
1765630276.906935,359,4,1,7,1,7
1765630276.922648,359,4,1,7,1,7
1765630276.938302,359,4,1,7,1,7
1765630276.954985,360,4,1,7,1,7
1765630276.970693,360,4,1,7,1,7
1765630276.986002,361,4,1,6,1,6
1765630277.001808,361,4,1,6,1,6
1765630277.018513,361,4,1,6,1,6
1765630277.034379,362,4,1,6,1,6
1765630277.050355,362,4,1,6,1,6
1765630277.066885,362,4,1,6,1,6
1765630277.082665,363,4,1,6,1,6
1765630277.098372,363,4,1,6,1,6
1765630277.115232,364,4,1,5,1,5
1765630277.131338,364,4,1,5,1,5
1765630277.147063,364,4,1,5,1,5
1765630277.163095,365,4,1,5,1,5
1765630277.179259,365,4,1,5,1,5
1765630277.195192,366,4,2,5,2,5
1765630277.211591,366,4,2,5,2,5
1765630277.227451,366,4,2,5,2,5
1765630277.244315,367,4,2,4,2,4
1765630277.260231,367,4,2,4,2,4
1765630277.276603,368,4,2,4,2,4
1765630277.292493,368,4,2,4,2,4
1765630277.308647,368,4,2,4,2,4
1765630277.324497,369,4,1,4,1,4
1765630277.340029,369,4,1,4,1,4
1765630277.355823,369,4,1,4,1,4
1765630277.372343,370,4,2,4,2,4
1765630277.388082,370,4,2,4,2,4
1765630277.403789,371,4,2,4,2,4
1765630277.420591,371,4,2,4,2,4
1765630277.436131,371,4,2,4,2,4
1765630277.452203,372,4,2,5,2,5
1765630277.468884,372,4,2,5,2,5
1765630277.484592,373,4,2,5,2,5
1765630277.500277,373,4,2,5,2,5
1765630277.517014,373,4,2,5,2,5
1765630277.532770,374,4,1,5,1,5
1765630277.548431,374,4,1,5,1,5
1765630277.564965,375,4,0,5,0,5
1765630277.581529,375,4,0,5,0,5
1765630277.597442,375,4,0,5,0,5
1765630277.612994,376,4,0,5,0,5
1765630277.629639,376,4,0,5,0,5
1765630277.645359,377,4,0,5,0,5
1765630277.661127,377,4,0,5,0,5
1765630277.677108,377,4,0,5,0,5
1765630277.693048,378,4,0,6,0,6
1765630277.708930,378,4,0,6,0,6
1765630277.724688,378,4,0,6,0,6
1765630277.740586,379,4,0,6,0,6
1765630277.756501,379,4,0,6,0,6
1765630277.771995,380,4,0,6,0,6
1765630277.788780,380,4,0,6,0,6
1765630277.805347,380,4,0,6,0,6
1765630277.820929,381,4,0,7,0,7
1765630277.836476,381,4,0,7,0,7
1765630277.852153,382,4,0,7,0,7
1765630277.868253,382,4,0,7,0,7
1765630277.883999,382,4,0,7,0,7
1765630277.900129,383,4,1,7,1,7
1765630277.915464,383,4,1,7,1,7
1765630277.931048,383,4,1,7,1,7
1765630277.947115,384,4,1,7,1,7
1765630277.963105,384,4,1,7,1,7
1765630277.978899,385,4,1,7,1,7
1765630277.994883,385,4,1,7,1,7
1765630278.010865,385,4,1,7,1,7
1765630278.026887,386,4,1,7,1,7
1765630278.042505,386,4,1,7,1,7
1765630278.058210,386,4,1,7,1,7
1765630278.073817,387,4,1,7,1,7
1765630278.090608,387,4,1,7,1,7
1765630278.106195,388,4,1,7,1,7
1765630278.121705,388,4,1,7,1,7
1765630278.137292,388,4,1,7,1,7
1765630278.153809,389,4,1,7,1,7
1765630278.170549,389,4,1,7,1,7
1765630278.186298,390,4,1,7,1,7
1765630278.202040,390,4,1,7,1,7
1765630278.218846,390,4,1,7,1,7
1765630278.234820,391,4,1,7,1,7
1765630278.251636,391,4,1,7,1,7
1765630278.267362,391,4,1,7,1,7
1765630278.283038,392,4,0,7,0,7
1765630278.299663,392,4,0,7,0,7
1765630278.315545,393,4,0,7,0,7
1765630278.331313,393,4,0,7,0,7
1765630278.347045,393,4,0,7,0,7
1765630278.362782,394,4,0,8,0,8
1765630278.378381,394,4,0,8,0,8
1765630278.394880,395,4,0,8,0,8
1765630278.411312,395,4,0,8,0,8
1765630278.427955,395,4,0,8,0,8
1765630278.443981,396,4,0,7,0,7
1765630278.460590,396,4,0,7,0,7
1765630278.477095,396,4,0,7,0,7
1765630278.492822,397,4,0,8,0,8
1765630278.508664,397,4,0,8,0,8
1765630278.525295,398,4,0,8,0,8
1765630278.540843,398,4,0,8,0,8
1765630278.556577,398,4,0,8,0,8
1765630278.572254,399,4,0,8,0,8
1765630278.588998,399,4,0,8,0,8
1765630278.604826,400,4,0,9,0,9
1765630278.621566,400,4,0,9,0,9
1765630278.637315,400,4,0,9,0,9
1765630278.653252,401,4,0,9,0,9
1765630278.668977,401,4,0,9,0,9
1765630278.684660,401,4,0,9,0,9
1765630278.700612,402,4,0,8,0,8
1765630278.716296,402,4,0,8,0,8
1765630278.731865,403,4,0,8,0,8
1765630278.747729,403,4,0,8,0,8
1765630278.763533,403,4,0,8,0,8
1765630278.779164,404,4,0,8,0,8
1765630278.794922,404,4,0,8,0,8
1765630278.810947,405,4,0,8,0,8
1765630278.826647,405,4,0,8,0,8
1765630278.842490,405,4,0,8,0,8
1765630278.858139,406,4,0,8,0,8
1765630278.873784,406,4,0,8,0,8
1765630278.890470,406,4,0,8,0,8
1765630278.906307,407,4,0,8,0,8
1765630278.922068,407,4,0,8,0,8
1765630278.939325,408,4,0,8,0,8
1765630278.956158,408,4,0,8,0,8
1765630278.972190,408,4,0,8,0,8
1765630278.988151,409,4,0,8,0,8
1765630279.003665,409,4,0,8,0,8
1765630279.019341,410,4,0,7,0,7
1765630279.035510,410,4,0,7,0,7
1765630279.051444,410,4,0,7,0,7
1765630279.067328,411,4,0,7,0,7
1765630279.082989,411,4,0,7,0,7
1765630279.099697,411,4,0,7,0,7
1765630279.115819,412,4,0,7,0,7
1765630279.131674,412,4,0,7,0,7
1765630279.147657,413,4,0,7,0,7
1765630279.164468,413,4,0,7,0,7
1765630279.180317,413,4,0,7,0,7
1765630279.197040,414,4,0,6,0,6
1765630279.212711,414,4,0,6,0,6
1765630279.228029,415,4,0,6,0,6
1765630279.243566,415,4,0,6,0,6
1765630279.259478,415,4,0,6,0,6
1765630279.275572,416,4,0,5,0,5
1765630279.291243,416,4,0,5,0,5
1765630279.307086,416,4,0,5,0,5
1765630279.322786,417,4,0,5,0,5
1765630279.338679,417,4,0,5,0,5
1765630279.354594,418,4,0,5,0,5
1765630279.370130,418,4,0,5,0,5
1765630279.386855,418,4,0,5,0,5
1765630279.402694,419,4,0,5,0,5
1765630279.418339,419,4,0,5,0,5
1765630279.435100,419,4,0,5,0,5
1765630279.451261,420,4,1,5,1,5
1765630279.467811,420,4,1,5,1,5
1765630279.483902,421,4,1,5,1,5
1765630279.499939,421,4,1,5,1,5
1765630279.515858,421,4,1,5,1,5
1765630279.531650,422,4,0,5,0,5
1765630279.547568,422,4,0,5,0,5
1765630279.563664,423,4,0,5,0,5
1765630279.579395,423,4,0,5,0,5
1765630279.595613,423,4,0,5,0,5
1765630279.610831,424,4,0,5,0,5
1765630279.626836,424,4,0,5,0,5
1765630279.643039,424,4,0,5,0,5
1765630279.658987,425,4,0,5,0,5
1765630279.675022,425,4,0,5,0,5
1765630279.690771,426,4,0,4,0,4
1765630279.706965,426,4,0,4,0,4
1765630279.722923,426,4,0,4,0,4
1765630279.738297,427,4,0,4,0,4
1765630279.754067,427,4,0,4,0,4
1765630279.769998,427,4,0,4,0,4
1765630279.785841,428,4,0,4,0,4
1765630279.802433,428,4,0,4,0,4
1765630279.818205,429,4,0,4,0,4
1765630279.833992,429,4,0,4,0,4
1765630279.849796,429,4,0,4,0,4
1765630279.865468,430,4,0,4,0,4
1765630279.881178,430,4,0,4,0,4
1765630279.897129,430,4,0,4,0,4
1765630279.912806,431,4,0,5,0,5
1765630279.929362,431,4,0,5,0,5
1765630279.945790,432,4,0,5,0,5
1765630279.962487,432,4,0,5,0,5
1765630279.978567,432,4,0,5,0,5
1765630279.994563,433,4,0,4,0,4
1765630280.010303,433,4,0,4,0,4
1765630280.026201,434,4,0,4,0,4
1765630280.042336,434,4,0,4,0,4
1765630280.058141,434,4,0,4,0,4
1765630280.073867,435,4,0,4,0,4
1765630280.090502,435,4,0,4,0,4
1765630280.107257,435,4,0,4,0,4
1765630280.122732,436,4,0,4,0,4
1765630280.138266,436,4,0,4,0,4
1765630280.153874,437,4,0,4,0,4
1765630280.170091,437,4,0,4,0,4
1765630280.186028,437,4,0,4,0,4
1765630280.201715,438,4,0,4,0,4
1765630280.217556,438,4,0,4,0,4
1765630280.234120,438,4,0,4,0,4
1765630280.250625,439,4,0,4,0,4
1765630280.266569,439,4,0,4,0,4
1765630280.283428,440,4,0,5,0,5
1765630280.299201,440,4,0,5,0,5
1765630280.315185,440,4,0,5,0,5
1765630280.331200,441,4,0,5,0,5
1765630280.347865,441,4,0,5,0,5
1765630280.363617,442,4,0,4,0,4
1765630280.379673,442,4,0,4,0,4
1765630280.395740,442,4,0,4,0,4
1765630280.412483,443,4,1,4,1,4
1765630280.429188,443,4,1,4,1,4
1765630280.444949,444,4,1,4,1,4
1765630280.461646,444,4,1,4,1,4
1765630280.477840,444,4,1,4,1,4
1765630280.494643,445,4,1,4,1,4
1765630280.510540,445,4,1,4,1,4
1765630280.527195,445,4,1,4,1,4
1765630280.542737,446,4,1,4,1,4
1765630280.558579,446,4,1,4,1,4
1765630280.574118,447,4,1,4,1,4
1765630280.590666,447,4,1,4,1,4
1765630280.607148,447,4,1,4,1,4
1765630280.623749,448,4,2,4,2,4
1765630280.639440,448,4,2,4,2,4
1765630280.655210,449,4,2,4,2,4
1765630280.671936,449,4,2,4,2,4
1765630280.687766,449,4,2,4,2,4
1765630280.703890,450,4,2,5,2,5
1765630280.719778,450,4,2,5,2,5
1765630280.735646,450,4,2,5,2,5
1765630280.751459,451,4,2,6,2,6
1765630280.768235,451,4,2,6,2,6
1765630280.784095,452,4,2,6,2,6
1765630280.799749,452,4,2,6,2,6
1765630280.815611,452,4,2,6,2,6
1765630280.831452,453,4,1,6,1,6
1765630280.848330,453,4,1,6,1,6
1765630280.864209,453,4,1,6,1,6
1765630280.880853,454,4,1,6,1,6
1765630280.897594,454,4,1,6,1,6
1765630280.913360,455,4,2,6,2,6
1765630280.929936,455,4,2,6,2,6
1765630280.946691,455,4,2,6,2,6
1765630280.962902,456,4,2,6,2,6
1765630280.978539,456,4,2,6,2,6
1765630280.994236,457,4,2,6,2,6
1765630281.009807,457,4,2,6,2,6
1765630281.026433,457,4,2,6,2,6
1765630281.042213,458,4,2,5,2,5
1765630281.057989,458,4,2,5,2,5
1765630281.074753,458,4,2,5,2,5
1765630281.090281,459,4,2,5,2,5
1765630281.105961,459,4,2,5,2,5
1765630281.121744,460,4,2,4,2,4
1765630281.138435,460,4,2,4,2,4
1765630281.154135,460,4,2,4,2,4
1765630281.169763,461,4,2,4,2,4
1765630281.186669,461,4,2,4,2,4
1765630281.202465,462,4,2,4,2,4
1765630281.218123,462,4,2,4,2,4
1765630281.234743,462,4,2,4,2,4
1765630281.250627,463,4,2,4,2,4
1765630281.266128,463,4,2,4,2,4
1765630281.282956,463,4,2,4,2,4
1765630281.298573,464,4,2,3,2,3
1765630281.314419,464,4,2,3,2,3
1765630281.331210,465,4,2,3,2,3
1765630281.347282,465,4,2,3,2,3
1765630281.364113,465,4,2,3,2,3
1765630281.379807,466,4,2,3,2,3
1765630281.395316,466,4,2,3,2,3
1765630281.411805,467,4,2,3,2,3
1765630281.428325,467,4,2,3,2,3
1765630281.445065,467,4,2,3,2,3
1765630281.461119,468,4,2,3,2,3
1765630281.477805,468,4,2,3,2,3
1765630281.493808,468,4,2,3,2,3
1765630281.509752,469,4,2,3,2,3
1765630281.525692,469,4,2,3,2,3
1765630281.541583,470,4,2,3,2,3
1765630281.557490,470,4,2,3,2,3
1765630281.573716,470,4,2,3,2,3
1765630281.590514,471,4,2,3,2,3
1765630281.606266,471,4,2,3,2,3
1765630281.622277,472,4,2,3,2,3
1765630281.638124,472,4,2,3,2,3
1765630281.654016,472,4,2,3,2,3
1765630281.669647,473,4,2,3,2,3
1765630281.685713,473,4,2,3,2,3
1765630281.701813,473,4,2,3,2,3
1765630281.718717,474,4,2,3,2,3
1765630281.734413,474,4,2,3,2,3
1765630281.750044,475,4,2,3,2,3
1765630281.766924,475,4,2,3,2,3
1765630281.782431,475,4,2,3,2,3
1765630281.798526,476,4,2,3,2,3
1765630281.814414,476,4,2,3,2,3
1765630281.830264,476,4,2,3,2,3
1765630281.846890,477,4,2,3,2,3
1765630281.862450,477,4,2,3,2,3
1765630281.878156,478,4,2,3,2,3
1765630281.893862,478,4,2,3,2,3
1765630281.910523,478,4,2,3,2,3
1765630281.926453,479,4,2,4,2,4
1765630281.943026,479,4,2,4,2,4
1765630281.958814,480,4,2,4,2,4
1765630281.974342,480,4,2,4,2,4
1765630281.989950,480,4,2,4,2,4
1765630282.005009,481,4,1,4,1,4
1765630282.020668,481,4,1,4,1,4
1765630282.035872,481,4,1,4,1,4
1765630282.051752,482,4,0,4,0,4
1765630282.068565,482,4,0,4,0,4
1765630282.084259,482,4,0,4,0,4
1765630282.100017,483,4,0,4,0,4
1765630282.116720,483,4,0,4,0,4
1765630282.133375,484,4,0,4,0,4
1765630282.149221,484,4,0,4,0,4
1765630282.166057,484,4,0,4,0,4
1765630282.182012,485,4,0,4,0,4
1765630282.198812,485,4,0,4,0,4
1765630282.214638,486,4,1,4,1,4
1765630282.231282,486,4,1,4,1,4
1765630282.248076,486,4,1,4,1,4
1765630282.263817,487,4,1,4,1,4
1765630282.280415,487,4,1,4,1,4
1765630282.296229,488,4,1,4,1,4
1765630282.312074,488,4,1,4,1,4
1765630282.328707,488,4,1,4,1,4
1765630282.344599,489,4,1,5,1,5
1765630282.360579,489,4,1,5,1,5
1765630282.376222,489,4,1,5,1,5
1765630282.392102,490,4,1,5,1,5
1765630282.408274,490,4,1,5,1,5
1765630282.424263,491,4,2,5,2,5
1765630282.440027,491,4,2,5,2,5
1765630282.456009,491,4,2,5,2,5
1765630282.472075,492,4,2,5,2,5
1765630282.488220,492,4,2,5,2,5
1765630282.504014,492,4,2,5,2,5
1765630282.520719,493,4,2,6,2,6
1765630282.536740,493,4,2,6,2,6
1765630282.553390,494,4,2,6,2,6
1765630282.569021,494,4,2,6,2,6
1765630282.584688,494,4,2,6,2,6
1765630282.600510,495,4,2,6,2,6
1765630282.616467,495,4,2,6,2,6
1765630282.632676,496,4,1,6,1,6
1765630282.648331,496,4,1,6,1,6
1765630282.663988,496,4,1,6,1,6
1765630282.679890,497,4,1,6,1,6
1765630282.696102,497,4,1,6,1,6
1765630282.712171,497,4,1,6,1,6
1765630282.728427,498,4,1,6,1,6
1765630282.745253,498,4,1,6,1,6
1765630282.761183,499,4,2,6,2,6
1765630282.778022,499,4,2,6,2,6
1765630282.793959,499,4,2,6,2,6
1765630282.810843,500,4,2,6,2,6
1765630282.826803,500,4,2,6,2,6
1765630282.842906,501,4,2,6,2,6
1765630282.858979,501,4,2,6,2,6
1765630282.875246,501,4,2,6,2,6
1765630282.890832,502,4,1,6,1,6
1765630282.906782,502,4,1,6,1,6
1765630282.923489,502,4,1,6,1,6
1765630282.939941,503,4,1,7,1,7
1765630282.955860,503,4,1,7,1,7
1765630282.972192,504,4,1,7,1,7
1765630282.987902,504,4,1,7,1,7
1765630283.004285,504,4,1,7,1,7
1765630283.020323,505,4,1,6,1,6
1765630283.035886,505,4,1,6,1,6
1765630283.051991,505,4,1,6,1,6
1765630283.067894,506,4,1,6,1,6
1765630283.083825,506,4,1,6,1,6
1765630283.099966,507,4,2,6,2,6
1765630283.115904,507,4,2,6,2,6
1765630283.132011,507,4,2,6,2,6
1765630283.148041,508,4,2,6,2,6
1765630283.163944,508,4,2,6,2,6
1765630283.179771,509,4,2,6,2,6
1765630283.195687,509,4,2,6,2,6
1765630283.211641,509,4,2,6,2,6
1765630283.227711,510,4,2,6,2,6
1765630283.244142,510,4,2,6,2,6
1765630283.260952,510,4,2,6,2,6
1765630283.276801,511,4,2,6,2,6
1765630283.293837,511,4,2,6,2,6
1765630283.309655,512,4,2,6,2,6
1765630283.326287,512,4,2,6,2,6
1765630283.342407,512,4,2,6,2,6
1765630283.358349,513,4,1,6,1,6
1765630283.373938,513,4,1,6,1,6
1765630283.389942,514,4,1,5,1,5
1765630283.405767,514,4,1,5,1,5
1765630283.422389,514,4,1,5,1,5
1765630283.438293,515,4,1,5,1,5
1765630283.454074,515,4,1,5,1,5
1765630283.470053,515,4,1,5,1,5
1765630283.486204,516,4,1,4,1,4
1765630283.502360,516,4,1,4,1,4
1765630283.518791,517,4,1,4,1,4
1765630283.535704,517,4,1,4,1,4
1765630283.551362,517,4,1,4,1,4
1765630283.567001,518,4,1,4,1,4
1765630283.583849,518,4,1,4,1,4
1765630283.599783,519,4,1,4,1,4
1765630283.615828,519,4,1,4,1,4
1765630283.631869,519,4,1,4,1,4
1765630283.647907,520,4,0,4,0,4
1765630283.664707,520,4,0,4,0,4
1765630283.680510,520,4,0,4,0,4
1765630283.696157,521,4,0,4,0,4
1765630283.713029,521,4,0,4,0,4
1765630283.728717,522,4,0,4,0,4
1765630283.744591,522,4,0,4,0,4
1765630283.760474,522,4,0,4,0,4
1765630283.776086,523,4,0,4,0,4
1765630283.792025,523,4,0,4,0,4
1765630283.807901,523,4,0,4,0,4
1765630283.824808,524,4,1,4,1,4
1765630283.840385,524,4,1,4,1,4
1765630283.856492,525,4,1,4,1,4
1765630283.872102,525,4,1,4,1,4
1765630283.887848,525,4,1,4,1,4
1765630283.903490,526,4,0,4,0,4
1765630283.919723,526,4,0,4,0,4
1765630283.935203,526,4,0,4,0,4
1765630283.951214,527,4,0,4,0,4
1765630283.967263,527,4,0,4,0,4
1765630283.983290,528,4,0,4,0,4
1765630283.999246,528,4,0,4,0,4
1765630284.015430,528,4,0,4,0,4
1765630284.031224,529,4,0,4,0,4
1765630284.047039,529,4,0,4,0,4
1765630284.063717,530,4,1,4,1,4
1765630284.079440,530,4,1,4,1,4
1765630284.094986,530,4,1,4,1,4
1765630284.110251,531,4,1,4,1,4
1765630284.126511,531,4,1,4,1,4
1765630284.142298,531,4,1,4,1,4
1765630284.158060,532,4,1,4,1,4
1765630284.174806,532,4,1,4,1,4
1765630284.190393,533,4,1,5,1,5
1765630284.206349,533,4,1,5,1,5
1765630284.222465,533,4,1,5,1,5
1765630284.238762,534,4,1,5,1,5
1765630284.254082,534,4,1,5,1,5
1765630284.270138,535,4,1,5,1,5
1765630284.286119,535,4,1,5,1,5
1765630284.302894,535,4,1,5,1,5
1765630284.318556,536,4,1,6,1,6
1765630284.334226,536,4,1,6,1,6
1765630284.350176,537,4,2,6,2,6
1765630284.365859,537,4,2,6,2,6
1765630284.381653,537,4,2,6,2,6
1765630284.398535,538,4,2,6,2,6
1765630284.414450,538,4,2,6,2,6
1765630284.430380,538,4,2,6,2,6
1765630284.445970,539,4,2,5,2,5
1765630284.461936,539,4,2,5,2,5
1765630284.477700,540,4,2,5,2,5
1765630284.493319,540,4,2,5,2,5
1765630284.509138,540,4,2,5,2,5
1765630284.525770,541,4,1,5,1,5
1765630284.542180,541,4,1,5,1,5
1765630284.557811,541,4,1,5,1,5
1765630284.573674,542,4,1,5,1,5
1765630284.590544,542,4,1,5,1,5
1765630284.606254,543,4,1,4,1,4
1765630284.622000,543,4,1,4,1,4
1765630284.638434,543,4,1,4,1,4
1765630284.654344,544,4,0,4,0,4
1765630284.670213,544,4,0,4,0,4
1765630284.687007,544,4,0,4,0,4
1765630284.702968,545,4,0,4,0,4
1765630284.719728,545,4,0,4,0,4
1765630284.735453,546,4,0,5,0,5
1765630284.751048,546,4,0,5,0,5
1765630284.766819,546,4,0,5,0,5
1765630284.783084,547,4,0,6,0,6
1765630284.799858,547,4,0,6,0,6
1765630284.815508,548,4,0,6,0,6
1765630284.831294,548,4,0,6,0,6
1765630284.848454,548,4,0,6,0,6
1765630284.864115,549,4,1,6,1,6
1765630284.880004,549,4,1,6,1,6
1765630284.895920,549,4,1,6,1,6
1765630284.912606,550,4,1,6,1,6
1765630284.928743,550,4,1,6,1,6
1765630284.945695,551,4,1,5,1,5
1765630284.961678,551,4,1,5,1,5
1765630284.978580,551,4,1,5,1,5
1765630284.994736,552,4,0,5,0,5
1765630285.010424,552,4,0,5,0,5
1765630285.026209,553,4,0,5,0,5
1765630285.043003,553,4,0,5,0,5
1765630285.059336,553,4,0,5,0,5
1765630285.075680,554,4,1,5,1,5
1765630285.092082,554,4,1,5,1,5
1765630285.107786,554,4,1,5,1,5
1765630285.123546,555,4,1,5,1,5
1765630285.139384,555,4,1,5,1,5
1765630285.155305,556,4,0,5,0,5
1765630285.171144,556,4,0,5,0,5
1765630285.186950,556,4,0,5,0,5
1765630285.202632,557,4,0,5,0,5
1765630285.218321,557,4,0,5,0,5
1765630285.234142,557,4,0,5,0,5
1765630285.249726,558,4,0,5,0,5
1765630285.265453,558,4,0,5,0,5
1765630285.282152,559,4,1,5,1,5
1765630285.297798,559,4,1,5,1,5
1765630285.313547,559,4,1,5,1,5
1765630285.329439,560,4,1,5,1,5
1765630285.345081,560,4,1,5,1,5
1765630285.361049,560,4,1,5,1,5
1765630285.377772,561,4,1,4,1,4
1765630285.393633,561,4,1,4,1,4
1765630285.409272,562,4,1,4,1,4
1765630285.426105,562,4,1,4,1,4
1765630285.442019,562,4,1,4,1,4
1765630285.458725,563,4,1,5,1,5
1765630285.474631,563,4,1,5,1,5
1765630285.490394,564,4,1,6,1,6
1765630285.507164,564,4,1,6,1,6
1765630285.523182,564,4,1,6,1,6
1765630285.539509,565,4,1,6,1,6
1765630285.556397,565,4,1,6,1,6
1765630285.572436,566,4,2,6,2,6
1765630285.588601,566,4,2,6,2,6
1765630285.603728,566,4,2,6,2,6
1765630285.619544,567,4,2,6,2,6
1765630285.636231,567,4,2,6,2,6
1765630285.652352,567,4,2,6,2,6
1765630285.668666,568,4,2,6,2,6
1765630285.684720,568,4,2,6,2,6
1765630285.700619,569,4,2,6,2,6
1765630285.716577,569,4,2,6,2,6
1765630285.732276,569,4,2,6,2,6
1765630285.748138,570,4,2,5,2,5
1765630285.764789,570,4,2,5,2,5
1765630285.780798,571,4,2,5,2,5
1765630285.797737,571,4,2,5,2,5
1765630285.813498,571,4,2,5,2,5
1765630285.830729,572,4,2,5,2,5
1765630285.846855,572,4,2,5,2,5
1765630285.862767,573,4,2,5,2,5
1765630285.879466,573,4,2,5,2,5
1765630285.895322,573,4,2,5,2,5
1765630285.911130,574,4,2,6,2,6
1765630285.927046,574,4,2,6,2,6
1765630285.942511,574,4,2,6,2,6
1765630285.958357,575,4,2,6,2,6
1765630285.975132,575,4,2,6,2,6
1765630285.990809,576,4,2,6,2,6
1765630286.006354,576,4,2,6,2,6
1765630286.021937,576,4,2,6,2,6
1765630286.038712,577,4,2,6,2,6
1765630286.054464,577,4,2,6,2,6
1765630286.070209,577,4,2,6,2,6
1765630286.086988,578,4,2,6,2,6
1765630286.103116,578,4,2,6,2,6
1765630286.119022,579,4,2,6,2,6
1765630286.134760,579,4,2,6,2,6
1765630286.151575,579,4,2,6,2,6
1765630286.167494,580,4,2,6,2,6
1765630286.183086,580,4,2,6,2,6
1765630286.199834,581,4,2,6,2,6
1765630286.215580,581,4,2,6,2,6
1765630286.231252,581,4,2,6,2,6
1765630286.247993,582,4,2,6,2,6
1765630286.264471,582,4,2,6,2,6
1765630286.280296,582,4,2,6,2,6
1765630286.296362,583,4,1,6,1,6
1765630286.312233,583,4,1,6,1,6
1765630286.328057,584,4,1,6,1,6
1765630286.344054,584,4,1,6,1,6
1765630286.359609,584,4,1,6,1,6
1765630286.376415,585,4,1,7,1,7
1765630286.392405,585,4,1,7,1,7
1765630286.409226,586,4,1,7,1,7
1765630286.424777,586,4,1,7,1,7
1765630286.440311,586,4,1,7,1,7
1765630286.455966,587,4,1,7,1,7
1765630286.471701,587,4,1,7,1,7
1765630286.488347,587,4,1,7,1,7
1765630286.503987,588,4,1,6,1,6
1765630286.519768,588,4,1,6,1,6
1765630286.536476,589,4,1,6,1,6
1765630286.552240,589,4,1,6,1,6
1765630286.568071,589,4,1,6,1,6
1765630286.584834,590,4,1,6,1,6
1765630286.600675,590,4,1,6,1,6
1765630286.615973,591,4,1,7,1,7
1765630286.631837,591,4,1,7,1,7
1765630286.647734,591,4,1,7,1,7
1765630286.663611,592,4,1,7,1,7
1765630286.679519,592,4,1,7,1,7
1765630286.695557,593,4,1,7,1,7
1765630286.711401,593,4,1,7,1,7
1765630286.727007,593,4,1,7,1,7
1765630286.742913,594,4,1,7,1,7
1765630286.759452,594,4,1,7,1,7
1765630286.776044,595,4,1,6,1,6
1765630286.791614,595,4,1,6,1,6
1765630286.807361,595,4,1,6,1,6
1765630286.824215,596,4,0,6,0,6
1765630286.839899,596,4,0,6,0,6
1765630286.855714,596,4,0,6,0,6
1765630286.872325,597,4,0,6,0,6
1765630286.888051,597,4,0,6,0,6
1765630286.903661,598,4,0,6,0,6
1765630286.919491,598,4,0,6,0,6
1765630286.936079,598,4,0,6,0,6
1765630286.951918,599,4,0,7,0,7
1765630286.967911,599,4,0,7,0,7
1765630286.983668,600,4,0,7,0,7
1765630286.999536,600,4,0,7,0,7
1765630287.015386,600,4,0,7,0,7
1765630287.031671,601,4,0,8,0,8
1765630287.047711,601,4,0,8,0,8
1765630287.063885,601,4,0,8,0,8
1765630287.078950,602,4,0,8,0,8
1765630287.094989,602,4,0,8,0,8
1765630287.110823,603,4,0,8,0,8
1765630287.126742,603,4,0,8,0,8
1765630287.143682,603,4,0,8,0,8
1765630287.159765,604,4,0,8,0,8
1765630287.175485,604,4,0,8,0,8
1765630287.191248,604,4,0,8,0,8
1765630287.207259,605,4,0,7,0,7
1765630287.223038,605,4,0,7,0,7
1765630287.238873,606,4,0,7,0,7
1765630287.254689,606,4,0,7,0,7
1765630287.270703,606,4,0,7,0,7
1765630287.286521,607,4,0,8,0,8
1765630287.302531,607,4,0,8,0,8
1765630287.318254,607,4,0,8,0,8
1765630287.334136,608,4,0,8,0,8
1765630287.351177,608,4,0,8,0,8
1765630287.367149,609,4,0,8,0,8
1765630287.382177,609,4,0,8,0,8
1765630287.397371,609,4,0,8,0,8
1765630287.413305,610,4,0,8,0,8
1765630287.429945,610,4,0,8,0,8
1765630287.445674,611,4,0,8,0,8
1765630287.461358,611,4,0,8,0,8
1765630287.477297,611,4,0,8,0,8
1765630287.493119,612,4,0,7,0,7
1765630287.508989,612,4,0,7,0,7
1765630287.524850,612,4,0,7,0,7
1765630287.540839,613,4,0,7,0,7
1765630287.556816,613,4,0,7,0,7
1765630287.572046,614,4,1,7,1,7
1765630287.588102,614,4,1,7,1,7
1765630287.603985,614,4,1,7,1,7
1765630287.619799,615,4,1,7,1,7
1765630287.636181,615,4,1,7,1,7
1765630287.653025,616,4,1,7,1,7
1765630287.668623,616,4,1,7,1,7
1765630287.684278,616,4,1,7,1,7
1765630287.699583,617,4,1,7,1,7
1765630287.715279,617,4,1,7,1,7
1765630287.731556,617,4,1,7,1,7
1765630287.747121,618,4,1,7,1,7
1765630287.763717,618,4,1,7,1,7
1765630287.780427,619,4,1,7,1,7
1765630287.796209,619,4,1,7,1,7
1765630287.812131,619,4,1,7,1,7
1765630287.827946,620,4,1,7,1,7
1765630287.843688,620,4,1,7,1,7
1765630287.860567,621,4,1,7,1,7
1765630287.876075,621,4,1,7,1,7
1765630287.891982,621,4,1,7,1,7
1765630287.908820,622,4,1,7,1,7
1765630287.925024,622,4,1,7,1,7
1765630287.940694,622,4,1,7,1,7
1765630287.956501,623,4,1,7,1,7
1765630287.972284,623,4,1,7,1,7
1765630287.988086,624,4,1,7,1,7
1765630288.004040,624,4,1,7,1,7
1765630288.020566,624,4,1,7,1,7
1765630288.036258,625,4,1,7,1,7
1765630288.051794,625,4,1,7,1,7
1765630288.067398,625,4,1,7,1,7
1765630288.082942,626,4,1,7,1,7
1765630288.099543,626,4,1,7,1,7
1765630288.116166,627,4,1,7,1,7
1765630288.131811,627,4,1,7,1,7
1765630288.147435,627,4,1,7,1,7
1765630288.163198,628,4,1,7,1,7
1765630288.179815,628,4,1,7,1,7
1765630288.195403,629,4,1,7,1,7
1765630288.210840,629,4,1,7,1,7
1765630288.226721,629,4,1,7,1,7
1765630288.243346,630,4,1,6,1,6
1765630288.259212,630,4,1,6,1,6
1765630288.274811,630,4,1,6,1,6
1765630288.290477,631,4,1,6,1,6
1765630288.307050,631,4,1,6,1,6
1765630288.322952,632,4,1,7,1,7
1765630288.338974,632,4,1,7,1,7
1765630288.355472,632,4,1,7,1,7
1765630288.370993,633,4,1,6,1,6
1765630288.386996,633,4,1,6,1,6
1765630288.402954,634,4,1,6,1,6
1765630288.419114,634,4,1,6,1,6
1765630288.434848,634,4,1,6,1,6
1765630288.450549,635,4,1,6,1,6
1765630288.467447,635,4,1,6,1,6
1765630288.483248,635,4,1,6,1,6
1765630288.499019,636,4,1,6,1,6
1765630288.515555,636,4,1,6,1,6
1765630288.531622,637,4,1,6,1,6
1765630288.548361,637,4,1,6,1,6
1765630288.564808,637,4,1,6,1,6
1765630288.580506,638,4,0,6,0,6
1765630288.596421,638,4,0,6,0,6
1765630288.612244,638,4,0,6,0,6
1765630288.628039,639,4,0,6,0,6
1765630288.644596,639,4,0,6,0,6
1765630288.660459,640,4,0,6,0,6
1765630288.676349,640,4,0,6,0,6
1765630288.693194,640,4,0,6,0,6
1765630288.709016,641,4,0,5,0,5
1765630288.724780,641,4,0,5,0,5
1765630288.740570,642,4,0,5,0,5
1765630288.756278,642,4,0,5,0,5
1765630288.771771,642,4,0,5,0,5
1765630288.787696,643,4,0,4,0,4
1765630288.803728,643,4,0,4,0,4
1765630288.820313,644,4,0,4,0,4
1765630288.836017,644,4,0,4,0,4
1765630288.851888,644,4,0,4,0,4
1765630288.868740,645,4,0,4,0,4
1765630288.885264,645,4,0,4,0,4
1765630288.900859,645,4,0,4,0,4
1765630288.916288,646,4,1,4,1,4
1765630288.932072,646,4,1,4,1,4
1765630288.948738,647,4,1,4,1,4
1765630288.965340,647,4,1,4,1,4
1765630288.980927,647,4,1,4,1,4
1765630288.996502,648,4,1,4,1,4
1765630289.012208,648,4,1,4,1,4
1765630289.028204,649,4,1,4,1,4
1765630289.043893,649,4,1,4,1,4
1765630289.060688,649,4,1,4,1,4
1765630289.077271,650,4,1,5,1,5
1765630289.093108,650,4,1,5,1,5
1765630289.108784,651,4,1,5,1,5
1765630289.125420,651,4,1,5,1,5
1765630289.141893,651,4,1,5,1,5
1765630289.158242,652,4,2,5,2,5
1765630289.174242,652,4,2,5,2,5
1765630289.190767,653,4,2,6,2,6
1765630289.207408,653,4,2,6,2,6
1765630289.223179,653,4,2,6,2,6
1765630289.238889,654,4,2,5,2,5
1765630289.255619,654,4,2,5,2,5
1765630289.271436,654,4,2,5,2,5
1765630289.287228,655,4,2,5,2,5
1765630289.303894,655,4,2,5,2,5
1765630289.319474,656,4,2,5,2,5
1765630289.335149,656,4,2,5,2,5
1765630289.351096,656,4,2,5,2,5
1765630289.366760,657,4,2,5,2,5
1765630289.382863,657,4,2,5,2,5
1765630289.398745,658,4,2,6,2,6
1765630289.414613,658,4,2,6,2,6
1765630289.430690,658,4,2,6,2,6
1765630289.446459,659,4,2,6,2,6
1765630289.463073,659,4,2,6,2,6
1765630289.479226,659,4,2,6,2,6
1765630290.738086,660,4,2,6,2,6
1765630290.753976,661,4,2,5,2,5
1765630290.769951,661,4,2,5,2,5
1765630290.785957,662,4,2,5,2,5
1765630290.801743,662,4,2,5,2,5
1765630290.817433,663,4,2,5,2,5
1765630290.832987,663,4,2,5,2,5
1765630290.849978,663,4,2,5,2,5
1765630290.865599,664,4,1,5,1,5
1765630290.881540,664,4,1,5,1,5
1765630290.898017,665,4,1,5,1,5
1765630290.913758,665,4,1,5,1,5
1765630290.929531,665,4,1,5,1,5
1765630290.946399,666,4,1,5,1,5
1765630290.962485,666,4,1,5,1,5
1765630290.978453,666,4,1,5,1,5
1765630290.994471,667,4,1,6,1,6
1765630291.010667,667,4,1,6,1,6
1765630291.026621,668,4,1,6,1,6
1765630291.042288,668,4,1,6,1,6
1765630291.058299,668,4,1,6,1,6
1765630291.074121,669,4,1,6,1,6
1765630291.090049,669,4,1,6,1,6
1765630291.105947,670,4,1,5,1,5
1765630291.121572,670,4,1,5,1,5
1765630291.138354,670,4,1,5,1,5
1765630291.153908,671,4,1,4,1,4
1765630291.169635,671,4,1,4,1,4
1765630291.185323,671,4,1,4,1,4
1765630291.201248,672,4,1,4,1,4
1765630291.216924,672,4,1,4,1,4
1765630291.232522,673,4,1,4,1,4
1765630291.249052,673,4,1,4,1,4
1765630291.264950,673,4,1,4,1,4
1765630291.280678,674,4,1,4,1,4
1765630291.296763,674,4,1,4,1,4
1765630291.312354,675,4,1,4,1,4
1765630291.328221,675,4,1,4,1,4
1765630291.343920,675,4,1,4,1,4
1765630291.359689,676,4,0,4,0,4
1765630291.375351,676,4,0,4,0,4
1765630291.392023,677,4,0,4,0,4
1765630291.407629,677,4,0,4,0,4
1765630291.423389,677,4,0,4,0,4
1765630291.439335,678,4,0,4,0,4
1765630291.455516,678,4,0,4,0,4
1765630291.472134,679,4,0,4,0,4
1765630291.488653,679,4,0,4,0,4
1765630291.504342,679,4,0,4,0,4
1765630291.520385,680,4,0,4,0,4
1765630291.536068,680,4,0,4,0,4
1765630291.551795,680,4,0,4,0,4
1765630291.567440,681,4,0,4,0,4
1765630291.583345,681,4,0,4,0,4
1765630291.599044,682,4,0,4,0,4
1765630291.615016,682,4,0,4,0,4
1765630291.630979,683,4,0,4,0,4
1765630291.647612,683,4,0,4,0,4
1765630291.663503,683,4,0,4,0,4
1765630291.679531,684,4,0,4,0,4
1765630291.696018,684,4,0,4,0,4
1765630291.712380,684,4,0,4,0,4
1765630291.728464,685,4,0,4,0,4
1765630291.745371,685,4,0,4,0,4
1765630291.760790,686,4,0,5,0,5
1765630291.776921,686,4,0,5,0,5
1765630291.793352,686,4,0,5,0,5
1765630291.809613,687,4,0,5,0,5
1765630291.825799,687,4,0,5,0,5
1765630291.841671,688,4,1,5,1,5
1765630291.857448,688,4,1,5,1,5
1765630291.873374,689,4,1,5,1,5
1765630291.889160,689,4,1,5,1,5
1765630291.905100,689,4,1,5,1,5
1765630291.921738,690,4,1,6,1,6
1765630291.937435,690,4,1,6,1,6
1765630291.952935,690,4,1,6,1,6
1765630291.969046,691,4,1,7,1,7
1765630291.985548,691,4,1,7,1,7
1765630292.001062,692,4,1,7,1,7
1765630292.017789,692,4,1,7,1,7
1765630292.033096,692,4,1,7,1,7
1765630292.048010,693,4,1,7,1,7
1765630292.063976,693,4,1,7,1,7
1765630292.079324,694,4,1,7,1,7
1765630292.094599,694,4,1,7,1,7
1765630292.110323,694,4,1,7,1,7
1765630292.126214,695,4,1,7,1,7
1765630292.142229,695,4,1,7,1,7
1765630292.157871,695,4,1,7,1,7
1765630292.173825,696,4,1,6,1,6
1765630292.189787,696,4,1,6,1,6
1765630292.206388,697,4,2,6,2,6
1765630292.222244,697,4,2,6,2,6
1765630292.237802,697,4,2,6,2,6
1765630292.253375,698,4,2,6,2,6
1765630292.269636,698,4,2,6,2,6
1765630292.285511,698,4,2,6,2,6
1765630292.301273,699,4,2,5,2,5
1765630292.317286,699,4,2,5,2,5
1765630292.333148,699,4,2,5,2,5
1765630292.349232,700,4,2,5,2,5
1765630292.365172,700,4,2,5,2,5
1765630292.380416,701,4,2,5,2,5
1765630292.396224,701,4,2,5,2,5
1765630292.412799,701,4,2,5,2,5
1765630292.429527,702,4,2,5,2,5
1765630292.445223,702,4,2,5,2,5
1765630292.461296,702,4,2,5,2,5
1765630292.477120,703,4,2,5,2,5
1765630292.492233,703,4,2,5,2,5
1765630292.507824,704,4,2,5,2,5
1765630292.523869,704,4,2,5,2,5
1765630292.539963,704,4,2,5,2,5
1765630292.556261,705,4,2,5,2,5
1765630292.571260,705,4,2,5,2,5
1765630292.587505,705,4,2,5,2,5
1765630292.603592,706,4,2,5,2,5
1765630292.619628,706,4,2,5,2,5
1765630292.635117,707,4,2,5,2,5
1765630292.651237,707,4,2,5,2,5
1765630292.667245,707,4,2,5,2,5
1765630292.683456,708,4,2,5,2,5
1765630292.699577,708,4,2,5,2,5
1765630292.715436,709,4,1,5,1,5
1765630292.732069,709,4,1,5,1,5
1765630292.748799,709,4,1,5,1,5
1765630292.764676,710,4,1,5,1,5
1765630292.781418,710,4,1,5,1,5
1765630292.797182,710,4,1,5,1,5
1765630292.812840,711,4,2,5,2,5
1765630292.828886,711,4,2,5,2,5
1765630292.844613,712,4,2,5,2,5
1765630292.860370,712,4,2,5,2,5
1765630292.876266,713,4,2,5,2,5
1765630292.891764,713,4,2,5,2,5
1765630292.907511,713,4,2,5,2,5
1765630292.924254,714,4,2,5,2,5
1765630292.939897,714,4,2,5,2,5
1765630292.955463,714,4,2,5,2,5
1765630292.971100,715,4,2,5,2,5
1765630292.987113,715,4,2,5,2,5
1765630293.002958,716,4,1,5,1,5
1765630293.018590,716,4,1,5,1,5
1765630293.034751,716,4,1,5,1,5
1765630293.050441,717,4,1,5,1,5
1765630293.066382,717,4,1,5,1,5
1765630293.082121,717,4,1,5,1,5
1765630293.098125,718,4,1,5,1,5
1765630293.114306,718,4,1,5,1,5
1765630293.130232,719,4,1,5,1,5
1765630293.146063,719,4,1,5,1,5
1765630293.162709,719,4,1,5,1,5
1765630293.178568,720,4,2,5,2,5
1765630293.194468,720,4,2,5,2,5
1765630293.210186,721,4,2,5,2,5
1765630293.225860,721,4,2,5,2,5
1765630293.241710,721,4,2,5,2,5
1765630293.257507,722,4,2,5,2,5
1765630293.273262,722,4,2,5,2,5
1765630293.289974,722,4,2,5,2,5
1765630293.305792,723,4,2,5,2,5
1765630293.321340,723,4,2,5,2,5
1765630293.337152,724,4,2,5,2,5
1765630293.353763,724,4,2,5,2,5
1765630293.369277,724,4,2,5,2,5
1765630293.384836,725,4,2,5,2,5
1765630293.400317,725,4,2,5,2,5
1765630293.415980,725,4,2,5,2,5
1765630293.432777,726,4,1,5,1,5
1765630293.449242,726,4,1,5,1,5
1765630293.464883,727,4,1,5,1,5
1765630293.480569,727,4,1,5,1,5
1765630293.496513,727,4,1,5,1,5
1765630293.512344,728,4,1,4,1,4
1765630293.528277,728,4,1,4,1,4
1765630293.544068,729,4,1,4,1,4
1765630293.559668,729,4,1,4,1,4
1765630293.575788,729,4,1,4,1,4
1765630293.591721,730,4,1,4,1,4
1765630293.607591,730,4,1,4,1,4
1765630293.623301,730,4,1,4,1,4
1765630293.639365,731,4,1,4,1,4
1765630293.654890,731,4,1,4,1,4
1765630293.670375,732,4,1,4,1,4
1765630293.685945,732,4,1,4,1,4
1765630293.702036,732,4,1,4,1,4
1765630293.718056,733,4,1,4,1,4
1765630293.734567,733,4,1,4,1,4
1765630293.751098,733,4,1,4,1,4
1765630293.767509,734,4,1,4,1,4
1765630293.783201,734,4,1,4,1,4
1765630293.799172,735,4,1,5,1,5
1765630293.815337,735,4,1,5,1,5
1765630293.831205,736,4,1,5,1,5
1765630293.847104,736,4,1,5,1,5
1765630293.862851,737,4,1,6,1,6
1765630293.879593,737,4,1,6,1,6
1765630293.895391,737,4,1,6,1,6
1765630293.911332,738,4,1,6,1,6
1765630293.927884,738,4,1,6,1,6
1765630293.943495,738,4,1,6,1,6
1765630293.959077,739,4,2,6,2,6
1765630293.974862,739,4,2,6,2,6
1765630293.991593,740,4,2,5,2,5
1765630294.008494,740,4,2,5,2,5
1765630294.025231,740,4,2,5,2,5
1765630294.041784,741,4,2,5,2,5
1765630294.057875,741,4,2,5,2,5
1765630294.073807,742,4,2,5,2,5
1765630294.089819,742,4,2,5,2,5
1765630294.105644,742,4,2,5,2,5
1765630294.121532,743,4,1,5,1,5
1765630294.137378,743,4,1,5,1,5
1765630294.153052,744,4,1,5,1,5
1765630294.168656,744,4,1,5,1,5
1765630294.185357,744,4,1,5,1,5
1765630294.202036,745,4,1,5,1,5
1765630294.217535,745,4,1,5,1,5
1765630294.233287,746,4,2,5,2,5
1765630294.250082,746,4,2,5,2,5
1765630294.266243,746,4,2,5,2,5
1765630294.282903,747,4,2,6,2,6
1765630294.298710,747,4,2,6,2,6
1765630294.314598,747,4,2,6,2,6
1765630294.330576,748,4,2,6,2,6
1765630294.346259,748,4,2,6,2,6
1765630294.362832,749,4,2,6,2,6
1765630294.378788,749,4,2,6,2,6
1765630294.394452,749,4,2,6,2,6
1765630294.411067,750,4,2,6,2,6
1765630294.427484,750,4,2,6,2,6
1765630294.443560,750,4,2,6,2,6
1765630294.459368,751,4,2,5,2,5
1765630294.475553,751,4,2,5,2,5
1765630294.491585,752,4,2,5,2,5
1765630294.507642,752,4,2,5,2,5
1765630294.523276,752,4,2,5,2,5
1765630294.539082,753,4,2,5,2,5
1765630294.554912,753,4,2,5,2,5
1765630294.570735,754,4,2,5,2,5
1765630294.586610,754,4,2,5,2,5
1765630294.602482,754,4,2,5,2,5
1765630294.618390,755,4,1,5,1,5
1765630294.635217,755,4,1,5,1,5
1765630294.650983,755,4,1,5,1,5
1765630294.666771,756,4,1,5,1,5
1765630294.682650,756,4,1,5,1,5
1765630294.698421,757,4,0,5,0,5
1765630294.714850,757,4,0,5,0,5
1765630294.731606,757,4,0,5,0,5
1765630294.747544,758,4,0,5,0,5
1765630294.763098,758,4,0,5,0,5
1765630294.779088,759,4,1,5,1,5
1765630294.794765,759,4,1,5,1,5
1765630294.810955,759,4,1,5,1,5
1765630294.827026,760,4,1,5,1,5
1765630294.843176,760,4,1,5,1,5
1765630294.859258,761,4,1,4,1,4
1765630294.875465,761,4,1,4,1,4
1765630294.891646,761,4,1,4,1,4
1765630294.907543,762,4,1,4,1,4
1765630294.923536,762,4,1,4,1,4
1765630294.939524,763,4,1,5,1,5
1765630294.955359,763,4,1,5,1,5
1765630294.971889,763,4,1,5,1,5
1765630294.987806,764,4,1,5,1,5
1765630295.003608,764,4,1,5,1,5
1765630295.020230,764,4,1,5,1,5
1765630295.035912,765,4,1,5,1,5
1765630295.051602,765,4,1,5,1,5
1765630295.067598,766,4,1,4,1,4
1765630295.083317,766,4,1,4,1,4
1765630295.099025,766,4,1,4,1,4
1765630295.115601,767,4,1,4,1,4
1765630295.132135,767,4,1,4,1,4
1765630295.147667,768,4,1,4,1,4
1765630295.163313,768,4,1,4,1,4
1765630295.179237,768,4,1,4,1,4
1765630295.195194,769,4,0,4,0,4
1765630295.211137,769,4,0,4,0,4
1765630295.227087,769,4,0,4,0,4
1765630295.243050,770,4,0,4,0,4
1765630295.258805,770,4,0,4,0,4
1765630295.274553,771,4,0,4,0,4
1765630295.291187,771,4,0,4,0,4
1765630295.306898,771,4,0,4,0,4
1765630295.322741,772,4,0,4,0,4
1765630295.339472,772,4,0,4,0,4
1765630295.355173,772,4,0,4,0,4
1765630295.370861,773,4,0,5,0,5
1765630295.386676,773,4,0,5,0,5
1765630295.403116,774,4,0,5,0,5
1765630295.419630,774,4,0,5,0,5
1765630295.435243,774,4,0,5,0,5
1765630295.451197,775,4,0,5,0,5
1765630295.467898,775,4,0,5,0,5
1765630295.483534,776,4,0,5,0,5
1765630295.499090,776,4,0,5,0,5
1765630295.514723,776,4,0,5,0,5
1765630295.531375,777,4,0,5,0,5
1765630295.547941,777,4,0,5,0,5
1765630295.563845,777,4,0,5,0,5
1765630295.579630,778,4,0,5,0,5
1765630295.596055,778,4,0,5,0,5
1765630295.612039,779,4,0,4,0,4
1765630295.627635,779,4,0,4,0,4
1765630295.644446,779,4,0,4,0,4
1765630295.660082,780,4,0,4,0,4
1765630295.675822,780,4,0,4,0,4
1765630295.691426,780,4,0,4,0,4
1765630295.708124,781,4,0,4,0,4
1765630295.723968,781,4,0,4,0,4
1765630295.739598,782,4,1,4,1,4
1765630295.756355,782,4,1,4,1,4
1765630295.771972,782,4,1,4,1,4
1765630295.787463,783,4,1,4,1,4
1765630295.803072,783,4,1,4,1,4
1765630295.818770,783,4,1,4,1,4
1765630295.835104,784,4,1,4,1,4
1765630295.851580,784,4,1,4,1,4
1765630295.868237,785,4,1,5,1,5
1765630295.884052,785,4,1,5,1,5
1765630295.899779,785,4,1,5,1,5
1765630295.916564,786,4,0,5,0,5
1765630295.932236,786,4,0,5,0,5
1765630295.947962,787,4,0,6,0,6
1765630295.964580,787,4,0,6,0,6
1765630295.981147,787,4,0,6,0,6
1765630295.997015,788,4,0,6,0,6
1765630296.012166,788,4,0,6,0,6
1765630296.027915,788,4,0,6,0,6
1765630296.043690,789,4,0,5,0,5
1765630296.059443,789,4,0,5,0,5
1765630296.075280,790,4,0,5,0,5
1765630296.091011,790,4,0,5,0,5
1765630296.106904,790,4,0,5,0,5
1765630296.122341,791,4,0,5,0,5
1765630296.138516,791,4,0,5,0,5
1765630296.154831,791,4,0,5,0,5
1765630296.170585,792,4,0,5,0,5
1765630296.186729,792,4,0,5,0,5
1765630296.202272,793,4,0,5,0,5
1765630296.218026,793,4,0,5,0,5
1765630296.233143,793,4,0,5,0,5
1765630296.249197,794,4,0,5,0,5
1765630296.265219,794,4,0,5,0,5
1765630296.280904,794,4,0,5,0,5
1765630296.297737,795,4,0,6,0,6
1765630296.313668,795,4,0,6,0,6
1765630296.329623,796,4,0,5,0,5
1765630296.345663,796,4,0,5,0,5
1765630296.362369,796,4,0,5,0,5
1765630296.378693,797,4,0,5,0,5
1765630296.394515,797,4,0,5,0,5
1765630296.410332,798,4,0,4,0,4
1765630296.427085,798,4,0,4,0,4
1765630296.443037,798,4,0,4,0,4
1765630296.459842,799,4,0,4,0,4
1765630296.475633,799,4,0,4,0,4
1765630296.491255,799,4,0,4,0,4
1765630296.508077,800,4,0,5,0,5
1765630296.523648,800,4,0,5,0,5
1765630296.539319,801,4,1,5,1,5
1765630296.555007,801,4,1,5,1,5
1765630296.571841,801,4,1,5,1,5
1765630296.587555,802,4,1,5,1,5
1765630296.602818,802,4,1,5,1,5
1765630296.618572,802,4,1,5,1,5
1765630296.635104,803,4,0,5,0,5
1765630296.651173,803,4,0,5,0,5
1765630296.666934,804,4,0,5,0,5
1765630296.683712,804,4,0,5,0,5
1765630296.699463,804,4,0,5,0,5
1765630296.715467,805,4,0,5,0,5
1765630296.731307,805,4,0,5,0,5
1765630296.746961,806,4,0,5,0,5
1765630296.763416,806,4,0,5,0,5
1765630296.779332,806,4,0,5,0,5
1765630296.794758,807,4,0,4,0,4
1765630296.810302,807,4,0,4,0,4
1765630296.825930,807,4,0,4,0,4
1765630296.842636,808,4,0,5,0,5
1765630296.858744,808,4,0,5,0,5
1765630296.873568,809,4,0,5,0,5
1765630296.889652,809,4,0,5,0,5
1765630296.905367,809,4,0,5,0,5
1765630296.921286,810,4,1,5,1,5
1765630296.937052,810,4,1,5,1,5
1765630296.953702,810,4,1,5,1,5
1765630296.970336,811,4,1,4,1,4
1765630296.986457,811,4,1,4,1,4
1765630297.002711,812,4,1,4,1,4
1765630297.018143,812,4,1,4,1,4
1765630297.034892,812,4,1,4,1,4
1765630297.051206,813,4,0,4,0,4
1765630297.067600,813,4,0,4,0,4
1765630297.083593,814,4,0,4,0,4
1765630297.099334,814,4,0,4,0,4
1765630297.115744,814,4,0,4,0,4
1765630297.132416,815,4,0,4,0,4
1765630297.148068,815,4,0,4,0,4
1765630297.163599,816,4,0,4,0,4
1765630297.178798,816,4,0,4,0,4
1765630297.194428,816,4,0,4,0,4
1765630297.210354,817,4,0,5,0,5
1765630297.226346,817,4,0,5,0,5
1765630297.241853,817,4,0,5,0,5
1765630297.257875,818,4,0,5,0,5
1765630297.274256,818,4,0,5,0,5
1765630297.289828,818,4,0,5,0,5
1765630297.305859,819,4,0,5,0,5
1765630297.321828,819,4,0,5,0,5
1765630297.337124,820,4,0,5,0,5
1765630297.353307,820,4,0,5,0,5
1765630297.369201,821,4,0,5,0,5
1765630297.384383,821,4,0,5,0,5
1765630297.400768,821,4,0,5,0,5
1765630297.416746,822,4,0,5,0,5
1765630297.433233,822,4,0,5,0,5
1765630297.449940,822,4,0,5,0,5
1765630297.465447,823,4,0,5,0,5
1765630297.481321,823,4,0,5,0,5
1765630297.497361,824,4,0,4,0,4
1765630297.513512,824,4,0,4,0,4
1765630297.529742,825,4,1,4,1,4
1765630297.545585,825,4,1,4,1,4
1765630297.561474,825,4,1,4,1,4
1765630297.577499,826,4,1,4,1,4
1765630297.593320,826,4,1,4,1,4
1765630297.610107,826,4,1,4,1,4
1765630297.625987,827,4,0,4,0,4
1765630297.642116,827,4,0,4,0,4
1765630297.657907,828,4,0,4,0,4
1765630297.673816,828,4,0,4,0,4
1765630297.689584,828,4,0,4,0,4
1765630297.704610,829,4,0,4,0,4
1765630297.720333,829,4,0,4,0,4
1765630297.735970,830,4,0,4,0,4
1765630297.752409,830,4,0,4,0,4
1765630297.768863,830,4,0,4,0,4
1765630297.785561,831,4,0,4,0,4
1765630297.801293,831,4,0,4,0,4
1765630297.817171,831,4,0,4,0,4
1765630297.833960,832,4,1,4,1,4
1765630297.849596,832,4,1,4,1,4
1765630297.865477,833,4,1,4,1,4
1765630297.881473,833,4,1,4,1,4
1765630297.897515,833,4,1,4,1,4
1765630297.913394,834,4,1,4,1,4
1765630297.929707,834,4,1,4,1,4
1765630297.945647,834,4,1,4,1,4
1765630297.961645,835,4,1,4,1,4
1765630297.977689,835,4,1,4,1,4
1765630297.993638,836,4,1,4,1,4
1765630298.009653,836,4,1,4,1,4
1765630298.025566,837,4,0,4,0,4
1765630298.041503,837,4,0,4,0,4
1765630298.056959,837,4,0,4,0,4
1765630298.072621,838,4,0,4,0,4
1765630298.088245,838,4,0,4,0,4
1765630298.105098,839,4,0,5,0,5
1765630298.120635,839,4,0,5,0,5
1765630298.136126,839,4,0,5,0,5
1765630298.151707,840,4,0,6,0,6
1765630298.167182,840,4,0,6,0,6
1765630298.183075,840,4,0,6,0,6
1765630298.199606,841,4,0,6,0,6
1765630298.215278,841,4,0,6,0,6
1765630298.230768,842,4,0,5,0,5
1765630298.246349,842,4,0,5,0,5
1765630298.262358,842,4,0,5,0,5
1765630298.278187,843,4,0,5,0,5
1765630298.293976,843,4,0,5,0,5
1765630298.309983,843,4,0,5,0,5
1765630298.325667,844,4,0,5,0,5
1765630298.342440,844,4,0,5,0,5
1765630298.358347,845,4,1,5,1,5
1765630298.375285,845,4,1,5,1,5
1765630298.390973,845,4,1,5,1,5
1765630298.406555,846,4,1,4,1,4
1765630298.421993,846,4,1,4,1,4
1765630298.437104,846,4,1,4,1,4
1765630298.452523,847,4,1,4,1,4
1765630298.468228,847,4,1,4,1,4
1765630298.483948,848,4,1,4,1,4
1765630298.500685,848,4,1,4,1,4
1765630298.516755,848,4,1,4,1,4
1765630298.532672,849,4,1,4,1,4
1765630298.548247,849,4,1,4,1,4
1765630298.564039,850,4,1,5,1,5
1765630298.580781,850,4,1,5,1,5
1765630298.596784,850,4,1,5,1,5
1765630298.613726,851,4,1,5,1,5
1765630298.629659,851,4,1,5,1,5
1765630298.646254,851,4,1,5,1,5
1765630298.661886,852,4,1,4,1,4
1765630298.677870,852,4,1,4,1,4
1765630298.694555,853,4,0,4,0,4
1765630298.710419,853,4,0,4,0,4
1765630298.726147,853,4,0,4,0,4
1765630298.742835,854,4,0,4,0,4
1765630298.758801,854,4,0,4,0,4
1765630298.775405,855,4,0,5,0,5
1765630298.792133,855,4,0,5,0,5
1765630298.808042,855,4,0,5,0,5
1765630298.824157,856,4,0,5,0,5
1765630298.839947,856,4,0,5,0,5
1765630298.855911,856,4,0,5,0,5
1765630298.871600,857,4,0,5,0,5
1765630298.887027,857,4,0,5,0,5
1765630298.902717,858,4,0,5,0,5
1765630298.919266,858,4,0,5,0,5
1765630298.935825,858,4,0,5,0,5
1765630298.951658,859,4,1,5,1,5
1765630298.967333,859,4,1,5,1,5
1765630298.983321,860,4,2,5,2,5
1765630298.999415,860,4,2,5,2,5
1765630299.015169,860,4,2,5,2,5
1765630299.030899,861,4,2,5,2,5
1765630299.047040,861,4,2,5,2,5
1765630299.062790,861,4,2,5,2,5
1765630299.079293,862,4,2,5,2,5
1765630299.095771,862,4,2,5,2,5
1765630299.111794,863,4,2,5,2,5
1765630299.127484,863,4,2,5,2,5
1765630299.144148,863,4,2,5,2,5
1765630299.160754,864,4,2,5,2,5
1765630299.176635,864,4,2,5,2,5
1765630299.193316,865,4,2,5,2,5
1765630299.209069,865,4,2,5,2,5
1765630299.224640,865,4,2,5,2,5
1765630299.240185,866,4,2,6,2,6
1765630299.255776,866,4,2,6,2,6
1765630299.272574,866,4,2,6,2,6
1765630299.289070,867,4,2,6,2,6
1765630299.304518,867,4,2,6,2,6
1765630299.320032,868,4,2,5,2,5
1765630299.335557,868,4,2,5,2,5
1765630299.351436,868,4,2,5,2,5
1765630299.368271,869,4,2,5,2,5
1765630299.384088,869,4,2,5,2,5
1765630299.400137,870,4,2,6,2,6
1765630299.416185,870,4,2,6,2,6
1765630299.432432,870,4,2,6,2,6
1765630299.448328,871,4,2,6,2,6
1765630299.464009,871,4,2,6,2,6
1765630299.479868,871,4,2,6,2,6
1765630299.495744,872,4,1,6,1,6
1765630299.511601,872,4,1,6,1,6
1765630299.528407,873,4,1,6,1,6
1765630299.544007,873,4,1,6,1,6
1765630299.559620,874,4,0,6,0,6
1765630299.575256,874,4,0,6,0,6
1765630299.591212,874,4,0,6,0,6
1765630299.607132,875,4,0,6,0,6
1765630299.623104,875,4,0,6,0,6
1765630299.638772,875,4,0,6,0,6
1765630299.653825,876,4,0,7,0,7
1765630299.669615,876,4,0,7,0,7
1765630299.685297,877,4,1,7,1,7
1765630299.701861,877,4,1,7,1,7
1765630299.718189,877,4,1,7,1,7
1765630299.734389,878,4,1,7,1,7
1765630299.751342,878,4,1,7,1,7
1765630299.767075,878,4,1,7,1,7
1765630299.782576,879,4,1,7,1,7
1765630299.799617,879,4,1,7,1,7
1765630299.815546,880,4,1,7,1,7
1765630299.832210,880,4,1,7,1,7
1765630299.848245,880,4,1,7,1,7
1765630299.864748,881,4,1,7,1,7
1765630299.881342,881,4,1,7,1,7
1765630299.897159,882,4,1,7,1,7
1765630299.912946,882,4,1,7,1,7
1765630299.929659,882,4,1,7,1,7
1765630299.945374,883,4,0,7,0,7
1765630299.960984,883,4,0,7,0,7
1765630299.976703,883,4,0,7,0,7
1765630299.993086,884,4,0,6,0,6
1765630300.009828,884,4,0,6,0,6
1765630300.026308,885,4,0,6,0,6
1765630300.041976,885,4,0,6,0,6
1765630300.057698,885,4,0,6,0,6
1765630300.074574,886,4,0,6,0,6
1765630300.090136,886,4,0,6,0,6
1765630300.106633,887,4,0,6,0,6
1765630300.122678,887,4,0,6,0,6
1765630300.138813,887,4,0,6,0,6
1765630300.155614,888,4,0,5,0,5
1765630300.171329,888,4,0,5,0,5
1765630300.187364,889,4,1,5,1,5
1765630300.202928,889,4,1,5,1,5
1765630300.218705,889,4,1,5,1,5
1765630300.234376,890,4,1,5,1,5
1765630300.251059,890,4,1,5,1,5
1765630300.266996,890,4,1,5,1,5
1765630300.282508,891,4,2,5,2,5
1765630300.298428,891,4,2,5,2,5
1765630300.314550,891,4,2,5,2,5
1765630300.330837,892,4,1,5,1,5
1765630300.347491,892,4,1,5,1,5
1765630300.363146,893,4,1,5,1,5
1765630300.378999,893,4,1,5,1,5
1765630300.395833,893,4,1,5,1,5
1765630300.411622,894,4,0,5,0,5
1765630300.426971,894,4,0,5,0,5
1765630300.442743,895,4,0,5,0,5
1765630300.459428,895,4,0,5,0,5
1765630300.475171,895,4,0,5,0,5
1765630300.490964,896,4,1,5,1,5
1765630300.507907,896,4,1,5,1,5
1765630300.523746,896,4,1,5,1,5
1765630300.540067,897,4,1,5,1,5
1765630300.555934,897,4,1,5,1,5
1765630300.571973,898,4,2,5,2,5
1765630300.588685,898,4,2,5,2,5
1765630300.604399,898,4,2,5,2,5
1765630300.620055,899,4,2,5,2,5
1765630300.635297,899,4,2,5,2,5
1765630300.650780,900,4,2,5,2,5
1765630300.666540,900,4,2,5,2,5
1765630300.683189,900,4,2,5,2,5
1765630300.699620,901,4,2,5,2,5
1765630300.715361,901,4,2,5,2,5
1765630300.730879,902,4,2,5,2,5
1765630300.746350,902,4,2,5,2,5
1765630300.761982,902,4,2,5,2,5
1765630300.778707,903,4,2,5,2,5
1765630300.794687,903,4,2,5,2,5
1765630300.809913,903,4,2,5,2,5
1765630300.825668,904,4,2,6,2,6
1765630300.841560,904,4,2,6,2,6
1765630300.857580,905,4,2,6,2,6
1765630300.874243,905,4,2,6,2,6
1765630300.890120,905,4,2,6,2,6
1765630300.905914,906,4,2,6,2,6
1765630300.922562,906,4,2,6,2,6
1765630300.938387,906,4,2,6,2,6
1765630300.954317,907,4,2,6,2,6
1765630300.970978,907,4,2,6,2,6
1765630300.986554,908,4,2,6,2,6
1765630301.002246,908,4,2,6,2,6
1765630301.017297,908,4,2,6,2,6
1765630301.032960,909,4,2,6,2,6
1765630301.049025,909,4,2,6,2,6
1765630301.065082,910,4,2,6,2,6
1765630301.081961,910,4,2,6,2,6
1765630301.098198,910,4,2,6,2,6
1765630301.113950,911,4,2,6,2,6
1765630301.129339,911,4,2,6,2,6
1765630301.144706,911,4,2,6,2,6
1765630301.160223,912,4,2,6,2,6
1765630301.175949,912,4,2,6,2,6
1765630301.191667,913,4,2,6,2,6
1765630301.208385,913,4,2,6,2,6
1765630301.224080,913,4,2,6,2,6
1765630301.239991,914,4,2,6,2,6
1765630301.255774,914,4,2,6,2,6
1765630301.271674,914,4,2,6,2,6
1765630301.288399,915,4,2,6,2,6
1765630301.303924,915,4,2,6,2,6
1765630301.319713,916,4,2,6,2,6
1765630301.335344,916,4,2,6,2,6
1765630301.351970,916,4,2,6,2,6
1765630301.367676,917,4,2,6,2,6
1765630301.383274,917,4,2,6,2,6
1765630301.399109,918,4,2,6,2,6
1765630301.415717,918,4,2,6,2,6
1765630301.431758,918,4,2,6,2,6
1765630301.448677,919,4,2,6,2,6
1765630301.464704,919,4,2,6,2,6
1765630301.480603,919,4,2,6,2,6
1765630301.495862,920,4,1,6,1,6
1765630301.511950,920,4,1,6,1,6
1765630301.527937,921,4,1,6,1,6
1765630301.543840,921,4,1,6,1,6
1765630301.559566,921,4,1,6,1,6
1765630301.575646,922,4,0,6,0,6
1765630301.592274,922,4,0,6,0,6
1765630301.608078,922,4,0,6,0,6
1765630301.624136,923,4,0,6,0,6
1765630301.640272,923,4,0,6,0,6
1765630301.656843,924,4,0,5,0,5
1765630301.672750,924,4,0,5,0,5
1765630301.688096,924,4,0,5,0,5
1765630301.703310,925,4,0,5,0,5
1765630301.719334,925,4,0,5,0,5
1765630301.735754,926,4,0,6,0,6
1765630301.751877,926,4,0,6,0,6
1765630301.767820,926,4,0,6,0,6
1765630301.783703,927,4,0,6,0,6
1765630301.800446,927,4,0,6,0,6
1765630301.816361,927,4,0,6,0,6
1765630301.831909,928,4,0,6,0,6
1765630301.848545,928,4,0,6,0,6
1765630301.864151,929,4,0,6,0,6
1765630301.879946,929,4,0,6,0,6
1765630301.896106,930,4,0,6,0,6
1765630301.912205,930,4,0,6,0,6
1765630301.928717,930,4,0,6,0,6
1765630301.944452,931,4,0,5,0,5
1765630301.960086,931,4,0,5,0,5
1765630301.976214,931,4,0,5,0,5
1765630301.991934,932,4,0,5,0,5
1765630302.008105,932,4,0,5,0,5
1765630302.023972,933,4,0,5,0,5
1765630302.039872,933,4,0,5,0,5
1765630302.055535,933,4,0,5,0,5
1765630302.072250,934,4,0,5,0,5
1765630302.087887,934,4,0,5,0,5
1765630302.103737,934,4,0,5,0,5
1765630302.120318,935,4,0,5,0,5
1765630302.136767,935,4,0,5,0,5
1765630302.153254,936,4,1,5,1,5
1765630302.169687,936,4,1,5,1,5
1765630302.185341,936,4,1,5,1,5
1765630302.201104,937,4,1,5,1,5
1765630302.217769,937,4,1,5,1,5
1765630302.233656,938,4,1,6,1,6
1765630302.249356,938,4,1,6,1,6
1765630302.265256,938,4,1,6,1,6
1765630302.281061,939,4,1,6,1,6
1765630302.296725,939,4,1,6,1,6
1765630302.313498,939,4,1,6,1,6
1765630302.329157,940,4,1,7,1,7
1765630302.344676,940,4,1,7,1,7
1765630302.359721,941,4,0,7,0,7
1765630302.375538,941,4,0,7,0,7
1765630302.392388,941,4,0,7,0,7
1765630302.408378,942,4,0,7,0,7
1765630302.424924,942,4,0,7,0,7
1765630302.441367,943,4,1,7,1,7
1765630302.458025,943,4,1,7,1,7
1765630302.473585,943,4,1,7,1,7
1765630302.489601,944,4,1,7,1,7
1765630302.506186,944,4,1,7,1,7
1765630302.521891,944,4,1,7,1,7
1765630302.537466,945,4,1,7,1,7
1765630302.553052,945,4,1,7,1,7
1765630302.569780,946,4,1,6,1,6
1765630302.585412,946,4,1,6,1,6
1765630302.601159,946,4,1,6,1,6
1765630302.617940,947,4,1,7,1,7
1765630302.633711,947,4,1,7,1,7
1765630302.649269,947,4,1,7,1,7
1765630302.665085,948,4,1,7,1,7
1765630302.681717,948,4,1,7,1,7
1765630302.697243,949,4,1,7,1,7
1765630302.712818,949,4,1,7,1,7
1765630302.728316,949,4,1,7,1,7
1765630302.743942,950,4,1,7,1,7
1765630302.760521,950,4,1,7,1,7
1765630302.777084,950,4,1,7,1,7
1765630302.792873,951,4,1,7,1,7
1765630302.808617,951,4,1,7,1,7
1765630302.825409,952,4,0,7,0,7
1765630302.841475,952,4,0,7,0,7
1765630302.857493,952,4,0,7,0,7
1765630302.873374,953,4,0,7,0,7
1765630302.889018,953,4,0,7,0,7
1765630302.904671,953,4,0,7,0,7
1765630302.920456,954,4,0,8,0,8
1765630302.937185,954,4,0,8,0,8
1765630302.953079,955,4,0,8,0,8
1765630302.969569,955,4,0,8,0,8
1765630302.985968,955,4,0,8,0,8
1765630303.002704,956,4,0,7,0,7
1765630303.018973,956,4,0,7,0,7
1765630303.035240,957,4,0,7,0,7
1765630303.051788,957,4,0,7,0,7
1765630303.068295,958,4,0,7,0,7
1765630303.083810,958,4,0,7,0,7
1765630303.099360,958,4,0,7,0,7
1765630303.114932,959,4,0,8,0,8
1765630303.130537,959,4,0,8,0,8
1765630303.147303,960,4,0,8,0,8
1765630303.163151,960,4,0,8,0,8
1765630303.178907,960,4,0,8,0,8
1765630303.194703,961,4,0,8,0,8
1765630303.210100,961,4,0,8,0,8
1765630303.225797,961,4,0,8,0,8
1765630303.241479,962,4,0,8,0,8
1765630303.257347,962,4,0,8,0,8
1765630303.273027,963,4,0,8,0,8
1765630303.288857,963,4,0,8,0,8
1765630303.305112,963,4,0,8,0,8
1765630303.320908,964,4,0,8,0,8
1765630303.337150,964,4,0,8,0,8
1765630303.353313,965,4,0,7,0,7
1765630303.369926,965,4,0,7,0,7
1765630303.385715,965,4,0,7,0,7
1765630303.401344,966,4,0,6,0,6
1765630303.417236,966,4,0,6,0,6
1765630303.432878,966,4,0,6,0,6
1765630303.448552,967,4,0,6,0,6
1765630303.465117,967,4,0,6,0,6
1765630303.480884,968,4,0,7,0,7
1765630303.497212,968,4,0,7,0,7
1765630303.513196,968,4,0,7,0,7
1765630303.529874,969,4,0,7,0,7
1765630303.545488,969,4,0,7,0,7
1765630303.560947,970,4,0,7,0,7
1765630303.576877,970,4,0,7,0,7
1765630303.593314,970,4,0,7,0,7
1765630303.610144,971,4,1,7,1,7
1765630303.625678,971,4,1,7,1,7
1765630303.641539,972,4,1,7,1,7
1765630303.657681,972,4,1,7,1,7
1765630303.673698,972,4,1,7,1,7
1765630303.689468,973,4,1,7,1,7
1765630303.705517,973,4,1,7,1,7
1765630303.721237,974,4,1,7,1,7
1765630303.737243,974,4,1,7,1,7
1765630303.753461,974,4,1,7,1,7
1765630303.769535,975,4,1,7,1,7
1765630303.785508,975,4,1,7,1,7
1765630303.801778,975,4,1,7,1,7
1765630303.817794,976,4,1,7,1,7
1765630303.832878,976,4,1,7,1,7
1765630303.848650,977,4,1,6,1,6
1765630303.865522,977,4,1,6,1,6
1765630303.881439,977,4,1,6,1,6
1765630303.897521,978,4,1,6,1,6
1765630303.913329,978,4,1,6,1,6
1765630303.930127,978,4,1,6,1,6
1765630303.945659,979,4,1,6,1,6
1765630303.961397,979,4,1,6,1,6
1765630303.977039,980,4,2,6,2,6
1765630303.993741,980,4,2,6,2,6
1765630304.009367,980,4,2,6,2,6
1765630304.025173,981,4,2,6,2,6
1765630304.041809,981,4,2,6,2,6
1765630304.057736,982,4,1,6,1,6
1765630304.073725,982,4,1,6,1,6
1765630304.089614,982,4,1,6,1,6
1765630304.105410,983,4,1,6,1,6
1765630304.121165,983,4,1,6,1,6
1765630304.136771,984,4,0,6,0,6
1765630304.152878,984,4,0,6,0,6
1765630304.168772,984,4,0,6,0,6
1765630304.185652,985,4,0,6,0,6
1765630304.201585,985,4,0,6,0,6
1765630304.218363,986,4,0,7,0,7
1765630304.234256,986,4,0,7,0,7
1765630304.250210,986,4,0,7,0,7
1765630304.266137,987,4,0,7,0,7
1765630304.283179,987,4,0,7,0,7
1765630304.298795,988,4,0,7,0,7
1765630304.314331,988,4,0,7,0,7
1765630304.330986,988,4,0,7,0,7
1765630304.346944,989,4,0,8,0,8
1765630304.362687,989,4,0,8,0,8
1765630304.379369,989,4,0,8,0,8
1765630304.395090,990,4,0,9,0,9
1765630304.410988,990,4,0,9,0,9
1765630304.426853,991,4,0,9,0,9
1765630304.442706,991,4,0,9,0,9
1765630304.459482,991,4,0,9,0,9
1765630304.475477,992,4,0,8,0,8
1765630304.492048,992,4,0,8,0,8
1765630304.507779,993,4,0,8,0,8
1765630304.523607,993,4,0,8,0,8
1765630304.539607,993,4,0,8,0,8
1765630304.555404,994,4,0,8,0,8
1765630304.571426,994,4,0,8,0,8
1765630304.587210,994,4,0,8,0,8
1765630304.603816,995,4,0,8,0,8
1765630304.620504,995,4,0,8,0,8
1765630304.636172,996,4,0,8,0,8
1765630304.651834,996,4,0,8,0,8
1765630304.668500,996,4,0,8,0,8
1765630304.684198,997,4,0,8,0,8
1765630304.700118,997,4,0,8,0,8
1765630304.716828,998,4,0,7,0,7
1765630304.732538,998,4,0,7,0,7
1765630304.748306,998,4,0,7,0,7
1765630304.765060,999,4,0,7,0,7
1765630304.781143,999,4,0,7,0,7
1765630304.797866,999,4,0,7,0,7
1765630304.814018,1000,4,1,7,1,7
1765630304.830079,1000,4,1,7,1,7
1765630304.846109,1001,4,1,7,1,7
1765630304.862338,1001,4,1,7,1,7
1765630304.878144,1001,4,1,7,1,7
1765630304.894111,1002,4,0,7,0,7
1765630304.909817,1002,4,0,7,0,7
1765630304.925720,1002,4,0,7,0,7
1765630304.942528,1003,4,0,7,0,7
1765630304.958812,1003,4,0,7,0,7
1765630304.974769,1004,4,0,7,0,7
1765630304.990722,1004,4,0,7,0,7
1765630305.006911,1004,4,0,7,0,7
1765630305.023356,1005,4,0,7,0,7
1765630305.038944,1005,4,0,7,0,7
1765630305.054862,1006,4,0,7,0,7
1765630305.070716,1006,4,0,7,0,7
1765630305.086567,1006,4,0,7,0,7
1765630305.103221,1007,4,0,6,0,6
1765630305.119013,1007,4,0,6,0,6
1765630305.135032,1007,4,0,6,0,6
1765630305.151082,1008,4,0,6,0,6
1765630305.166820,1008,4,0,6,0,6
1765630305.183331,1009,4,1,6,1,6
1765630305.199071,1009,4,1,6,1,6
1765630305.214553,1009,4,1,6,1,6
1765630305.230241,1010,4,1,6,1,6
1765630305.246716,1010,4,1,6,1,6
1765630305.263388,1011,4,1,6,1,6
1765630305.279128,1011,4,1,6,1,6
1765630305.295135,1011,4,1,6,1,6
1765630305.311290,1012,4,1,7,1,7
1765630305.328013,1012,4,1,7,1,7
1765630305.344249,1013,4,1,6,1,6
1765630305.360204,1013,4,1,6,1,6
1765630305.376083,1013,4,1,6,1,6
1765630305.392063,1014,4,1,6,1,6
1765630305.408084,1014,4,1,6,1,6
1765630305.423676,1015,4,1,6,1,6
1765630305.439453,1015,4,1,6,1,6
1765630305.456037,1015,4,1,6,1,6
1765630305.472114,1016,4,1,7,1,7
1765630305.487953,1016,4,1,7,1,7
1765630305.503866,1016,4,1,7,1,7
1765630305.519612,1017,4,1,7,1,7
1765630305.535393,1017,4,1,7,1,7
1765630305.551347,1018,4,0,7,0,7
1765630305.567897,1018,4,0,7,0,7
1765630305.583694,1018,4,0,7,0,7
1765630305.599618,1019,4,0,7,0,7
1765630305.615665,1019,4,0,7,0,7
1765630305.631713,1019,4,0,7,0,7
1765630305.647574,1020,4,0,8,0,8
1765630305.663221,1020,4,0,8,0,8
1765630305.679861,1021,4,0,8,0,8
1765630305.695567,1021,4,0,8,0,8
1765630305.711290,1021,4,0,8,0,8
1765630305.727890,1022,4,0,8,0,8
1765630305.743911,1022,4,0,8,0,8
1765630305.759578,1022,4,0,8,0,8
1765630305.776359,1023,4,0,9,0,9
1765630305.792671,1023,4,0,9,0,9
1765630305.808668,1024,4,0,9,0,9
1765630305.824806,1024,4,0,9,0,9
1765630305.840238,1024,4,0,9,0,9
1765630305.855438,1025,4,0,8,0,8
1765630305.870934,1025,4,0,8,0,8
1765630305.886431,1026,4,0,8,0,8
1765630305.902040,1026,4,0,8,0,8
1765630305.917630,1026,4,0,8,0,8
1765630305.933511,1027,4,0,7,0,7
1765630305.949343,1027,4,0,7,0,7
1765630305.966227,1028,4,0,7,0,7
1765630305.981969,1028,4,0,7,0,7
1765630305.997791,1028,4,0,7,0,7
1765630306.013662,1029,4,0,7,0,7
1765630306.029627,1029,4,0,7,0,7
1765630306.046265,1030,4,0,7,0,7
1765630306.062665,1030,4,0,7,0,7
1765630306.078299,1030,4,0,7,0,7
1765630306.094089,1031,4,0,7,0,7
1765630306.110059,1031,4,0,7,0,7
1765630306.125761,1031,4,0,7,0,7
1765630306.142437,1032,4,0,7,0,7
1765630306.159137,1032,4,0,7,0,7
1765630306.175394,1033,4,0,8,0,8
1765630306.191274,1033,4,0,8,0,8
1765630306.207118,1033,4,0,8,0,8
1765630306.222865,1034,4,0,8,0,8
1765630306.238169,1034,4,0,8,0,8
1765630306.254226,1034,4,0,8,0,8
