timestamp,client_id,snapshot_id,seq_num,server_timestamp_ms,recv_time_ms,latency_ms,jitter_ms,perceived_position_error,cpu_percent,bandwidth_per_client_kbps
1765413713.498212,2,113,1,1765413713298,1765413713498,200,0.00,0.0000,0.0,0.00
1765413713.498212,2,114,2,1765413713341,1765413713498,157,0.00,0.0000,0.0,0.00
1765413713.498212,2,115,3,1765413713383,1765413713498,115,0.00,0.0000,0.0,0.00
1765413713.498212,2,116,4,1765413713424,1765413713498,74,0.00,0.0000,0.0,0.00
1765413713.499229,2,117,5,1765413713470,1765413713498,28,0.00,0.0000,0.0,0.00
1765413713.636898,2,118,6,1765413713511,1765413713636,125,44.16,0.0000,0.0,0.00
1765413713.636898,2,119,7,1765413713553,1765413713636,83,38.33,0.0000,0.0,0.00
1765413713.636898,2,120,8,1765413713595,1765413713636,41,33.80,0.0000,0.0,0.00
1765413713.640422,2,121,9,1765413713638,1765413713638,0,30.12,0.0000,0.0,0.00
1765413713.681823,2,122,11,1765413713681,1765413713681,0,31.19,0.0000,0.0,0.00
1765413713.731140,2,123,12,1765413713723,1765413713730,7,32.08,0.0000,0.0,0.00
1765413713.766550,2,124,14,1765413713766,1765413713766,0,30.64,0.0000,0.0,0.00
1765413713.808306,2,125,15,1765413713808,1765413713808,0,29.81,0.0000,0.0,0.00
1765413713.850440,2,126,16,1765413713850,1765413713850,0,28.85,0.0000,0.0,0.00
1765413713.895766,2,127,17,1765413713893,1765413713893,0,27.93,0.0000,0.0,0.00
1765413713.939035,2,128,18,1765413713938,1765413713939,1,27.17,0.0000,0.0,0.00
1765413713.971913,2,129,19,1765413713971,1765413713971,0,25.62,0.0000,0.0,0.00
1765413714.027983,2,130,20,1765413714014,1765413714022,8,25.15,0.0000,0.0,0.00
1765413714.056640,2,131,21,1765413714056,1765413714056,0,23.89,0.0000,0.0,0.00
1765413714.098580,2,132,22,1765413714098,1765413714098,0,23.06,0.0000,0.0,0.00
1765413714.141242,2,133,23,1765413714141,1765413714141,0,22.32,0.0000,0.0,0.00
1765413714.183871,2,134,24,1765413714183,1765413714183,0,21.61,0.0000,0.0,0.00
1765413714.227229,2,135,25,1765413714227,1765413714227,0,21.01,0.0000,0.0,0.00
1765413714.270208,2,136,26,1765413714270,1765413714270,0,20.39,0.0000,0.0,0.00
1765413714.314098,2,137,27,1765413714312,1765413714314,2,19.83,0.0000,0.0,0.00
1765413714.354296,2,138,28,1765413714354,1765413714354,0,19.21,0.0000,0.0,0.00
1765413714.400199,2,139,29,1765413714396,1765413714400,4,18.79,0.0000,0.0,0.00
1765413714.439464,2,140,30,1765413714439,1765413714439,0,18.20,0.0000,0.0,0.00
1765413714.482540,2,141,31,1765413714481,1765413714482,1,17.73,0.0000,0.0,0.00
1765413714.524472,2,142,32,1765413714523,1765413714523,0,17.25,0.0000,0.0,0.00
1765413714.566984,2,143,33,1765413714565,1765413714566,1,16.83,0.0000,0.0,0.00
1765413714.608377,2,144,34,1765413714608,1765413714608,0,16.40,0.0000,0.0,0.00
1765413714.656313,2,145,36,1765413714648,1765413714654,6,16.08,0.0000,0.0,0.00
1765413714.679538,2,146,37,1765413714679,1765413714679,0,16.05,0.0000,0.0,0.00
1765413714.721527,2,147,38,1765413714721,1765413714721,0,15.69,0.0000,0.0,0.00
1765413714.764540,2,148,39,1765413714764,1765413714764,0,15.36,0.0000,0.0,0.00
1765413714.807164,2,149,40,1765413714807,1765413714807,0,15.05,0.0000,0.0,0.00
1765413714.852734,2,150,42,1765413714849,1765413714851,2,14.77,0.0000,0.0,0.00
1765413714.891802,2,151,43,1765413714891,1765413714891,0,14.43,0.0000,0.0,0.00
1765413714.935295,2,152,44,1765413714934,1765413714935,1,14.17,0.0000,0.0,0.00
1765413714.976418,2,153,45,1765413714976,1765413714976,0,13.87,0.0000,0.0,0.00
1765413715.018800,2,154,46,1765413715018,1765413715018,0,13.60,0.0000,0.0,0.00
1765413715.060534,2,155,47,1765413715060,1765413715060,0,13.34,0.0000,0.0,0.00
1765413715.102118,2,156,48,1765413715102,1765413715102,0,13.08,0.0000,0.0,0.00
1765413715.143929,2,157,49,1765413715143,1765413715143,0,12.83,0.0000,0.0,0.00
1765413715.187109,2,158,50,1765413715187,1765413715187,0,12.62,0.0000,0.0,0.00
1765413715.232164,2,159,51,1765413715229,1765413715232,3,12.42,0.0000,0.0,0.00
1765413715.271343,2,160,52,1765413715271,1765413715271,0,12.17,0.0000,0.0,0.00
1765413715.314939,2,161,53,1765413715313,1765413715314,1,11.97,0.0000,0.0,0.00
1765413715.358278,2,162,54,1765413715358,1765413715358,0,11.78,0.0000,0.0,0.00
1765413715.391187,2,163,55,1765413715391,1765413715391,0,11.69,0.0000,0.0,0.00
1765413715.433095,2,164,56,1765413715432,1765413715432,0,11.49,0.0000,0.0,0.00
1765413715.474877,2,165,57,1765413715474,1765413715474,0,11.31,0.0000,0.0,0.00
1765413715.518287,2,166,58,1765413715516,1765413715518,2,11.15,0.0000,0.0,0.00
1765413715.558189,2,167,59,1765413715558,1765413715558,0,10.95,0.0000,0.0,0.00
1765413715.602902,2,168,60,1765413715600,1765413715601,1,10.79,0.0000,0.0,0.00
1765413715.644249,2,169,61,1765413715643,1765413715643,0,10.63,0.0000,0.0,0.00
1765413715.826230,2,170,63,1765413715817,1765413715826,9,11.73,0.0000,0.0,0.00
1765413715.899805,2,171,64,1765413715895,1765413715899,4,11.91,0.0000,0.0,0.00
1765413715.978135,2,172,65,1765413715941,1765413715977,36,12.15,0.0000,0.0,0.00
1765413715.978135,2,173,66,1765413715975,1765413715978,3,12.81,0.0000,0.0,0.00
1765413716.018020,2,174,67,1765413716017,1765413716018,1,11.97,0.0000,0.0,0.00
1765413716.058707,2,175,68,1765413716058,1765413716058,0,11.37,0.0000,0.0,0.00
1765413716.102132,2,176,70,1765413716101,1765413716102,1,10.86,0.0000,0.0,0.00
1765413716.143678,2,177,71,1765413716143,1765413716143,0,10.47,0.0000,0.0,0.00
1765413716.186208,2,178,72,1765413716186,1765413716186,0,8.40,0.0000,0.0,0.00
1765413716.232230,2,179,73,1765413716228,1765413716232,4,7.87,0.0000,0.0,0.00
1765413716.270937,2,180,74,1765413716270,1765413716270,0,7.49,0.0000,0.0,0.00
1765413716.312862,2,181,75,1765413716312,1765413716312,0,7.24,0.0000,0.0,0.00
1765413716.356342,2,182,76,1765413716356,1765413716356,0,7.24,0.0000,0.0,0.00
1765413716.400342,2,183,77,1765413716398,1765413716400,2,7.12,0.0000,0.0,0.00
1765413716.440553,2,184,78,1765413716440,1765413716440,0,7.10,0.0000,0.0,0.00
1765413716.484013,2,185,79,1765413716482,1765413716484,2,7.09,0.0000,0.0,0.00
1765413716.524693,2,186,80,1765413716524,1765413716524,0,7.10,0.0000,0.0,0.00
1765413716.568648,2,187,81,1765413716567,1765413716568,1,7.09,0.0000,0.0,0.00
1765413716.609300,2,188,82,1765413716609,1765413716609,0,7.07,0.0000,0.0,0.00
1765413716.652566,2,189,83,1765413716651,1765413716652,1,7.02,0.0000,0.0,0.00
1765413716.693909,2,190,84,1765413716693,1765413716693,0,6.85,0.0000,0.0,0.00
1765413716.736331,2,191,85,1765413716736,1765413716736,0,6.81,0.0000,0.0,0.00
1765413716.778819,2,192,86,1765413716778,1765413716778,0,6.81,0.0000,0.0,0.00
1765413716.820710,2,193,87,1765413716820,1765413716820,0,6.81,0.0000,0.0,0.00
1765413716.862700,2,194,88,1765413716862,1765413716862,0,6.81,0.0000,0.0,0.00
1765413716.904753,2,195,89,1765413716904,1765413716904,0,6.82,0.0000,0.0,0.00
1765413716.947040,2,196,90,1765413716947,1765413716947,0,6.82,0.0000,0.0,0.00
1765413716.989621,2,197,91,1765413716989,1765413716989,0,6.83,0.0000,0.0,0.00
1765413717.033698,2,198,92,1765413717031,1765413717033,2,6.81,0.0000,0.0,0.00
1765413717.074128,2,199,93,1765413717074,1765413717074,0,6.79,0.0000,0.0,0.00
1765413717.118434,2,200,94,1765413717117,1765413717118,1,6.77,0.0000,0.0,0.00
1765413717.159663,2,201,95,1765413717159,1765413717159,0,6.78,0.0000,0.0,0.00
1765413717.202377,2,202,96,1765413717201,1765413717201,0,6.77,0.0000,0.0,0.00
1765413717.243963,2,203,97,1765413717243,1765413717243,0,6.78,0.0000,0.0,0.00
1765413717.286465,2,204,98,1765413717286,1765413717286,0,6.77,0.0000,0.0,0.00
1765413717.328833,2,205,99,1765413717328,1765413717328,0,6.74,0.0000,0.0,0.00
1765413717.371888,2,206,101,1765413717371,1765413717371,0,6.69,0.0000,0.0,0.00
1765413717.414965,2,207,102,1765413717413,1765413717414,1,6.69,0.0000,0.0,0.00
1765413717.457280,2,208,103,1765413717456,1765413717457,1,6.69,0.0000,0.0,0.00
1765413717.498800,2,209,104,1765413717498,1765413717498,0,6.69,0.0000,0.0,0.00
1765413717.542175,2,210,105,1765413717542,1765413717542,0,6.69,0.0000,0.0,0.00
1765413717.586442,2,211,106,1765413717585,1765413717585,0,6.68,0.0000,0.0,0.00
1765413717.628698,2,212,107,1765413717628,1765413717628,0,6.69,0.0000,0.0,0.00
1765413717.672479,2,213,111,1765413717672,1765413717672,0,6.68,0.0000,0.0,0.00
1765413717.715400,2,214,112,1765413717714,1765413717715,1,6.68,0.0000,0.0,0.00
1765413717.756790,2,215,113,1765413717756,1765413717756,0,6.68,0.0000,0.0,0.00
1765413717.799786,2,216,114,1765413717798,1765413717799,1,6.68,0.0000,0.0,0.00
1765413717.841775,2,217,115,1765413717841,1765413717841,0,6.67,0.0000,0.0,0.00
1765413717.884123,2,218,116,1765413717884,1765413717884,0,6.68,0.0000,0.0,0.00
1765413717.929857,2,219,117,1765413717926,1765413717929,3,6.68,0.0000,0.0,0.00
1765413717.968511,2,220,118,1765413717968,1765413717968,0,6.68,0.0000,0.0,0.00
1765413718.010839,2,221,119,1765413718010,1765413718010,0,6.68,0.0000,0.0,0.00
1765413718.053189,2,222,120,1765413718053,1765413718053,0,6.68,0.0000,0.0,0.00
1765413718.095364,2,223,121,1765413718095,1765413718095,0,6.66,0.0000,0.0,0.00
1765413718.137476,2,224,122,1765413718137,1765413718137,0,6.66,0.0000,0.0,0.00
1765413718.179888,2,225,123,1765413718179,1765413718179,0,6.66,0.0000,0.0,0.00
1765413718.221740,2,226,124,1765413718221,1765413718221,0,6.66,0.0000,0.0,0.00
1765413718.263725,2,227,125,1765413718263,1765413718263,0,6.66,0.0000,0.0,0.00
1765413718.306134,2,228,126,1765413718306,1765413718306,0,6.66,0.0000,0.0,0.00
1765413718.348420,2,229,127,1765413718348,1765413718348,0,6.66,0.0000,0.0,0.00
1765413718.392058,2,230,128,1765413718391,1765413718391,0,2.88,0.0000,0.0,0.00
1765413718.433422,2,231,129,1765413718433,1765413718433,0,2.35,0.0000,0.0,0.00
1765413718.475175,2,232,130,1765413718475,1765413718475,0,1.93,0.0000,0.0,0.00
1765413718.517525,2,233,131,1765413718517,1765413718517,0,1.08,0.0000,0.0,0.00
1765413718.560806,2,234,132,1765413718560,1765413718560,0,1.06,0.0000,0.0,0.00
1765413718.602849,2,235,133,1765413718602,1765413718602,0,1.03,0.0000,0.0,0.00
1765413718.645444,2,236,134,1765413718644,1765413718644,0,1.00,0.0000,0.0,0.00
1765413718.688237,2,237,135,1765413718687,1765413718688,1,1.01,0.0000,0.0,0.00
1765413718.732709,2,238,137,1765413718730,1765413718732,2,1.03,0.0000,0.0,0.00
1765413718.772331,2,239,138,1765413718772,1765413718772,0,1.00,0.0000,0.0,0.00
1765413718.815502,2,240,139,1765413718814,1765413718814,0,0.94,0.0000,0.0,0.00
1765413718.858139,2,241,140,1765413718858,1765413718858,0,0.96,0.0000,0.0,0.00
1765413718.899810,2,242,141,1765413718899,1765413718899,0,0.95,0.0000,0.0,0.00
1765413718.942131,2,243,142,1765413718942,1765413718942,0,0.94,0.0000,0.0,0.00
1765413718.984838,2,244,143,1765413718984,1765413718984,0,0.91,0.0000,0.0,0.00
1765413719.030683,2,245,144,1765413719027,1765413719027,0,0.89,0.0000,0.0,0.00
1765413719.068992,2,246,145,1765413719068,1765413719068,0,0.87,0.0000,0.0,0.00
1765413719.113059,2,247,146,1765413719111,1765413719113,2,0.89,0.0000,0.0,0.00
1765413719.153597,2,248,147,1765413719153,1765413719153,0,0.91,0.0000,0.0,0.00
1765413719.197978,2,249,148,1765413719195,1765413719197,2,0.92,0.0000,0.0,0.00
1765413719.237457,2,250,149,1765413719237,1765413719237,0,0.94,0.0000,0.0,0.00
1765413719.280200,2,251,150,1765413719279,1765413719280,1,0.94,0.0000,0.0,0.00
1765413719.323070,2,252,151,1765413719323,1765413719323,0,0.94,0.0000,0.0,0.00
1765413719.365842,2,253,152,1765413719365,1765413719365,0,0.94,0.0000,0.0,0.00
1765413719.408114,2,254,153,1765413719408,1765413719408,0,0.95,0.0000,0.0,0.00
1765413719.450968,2,255,154,1765413719449,1765413719449,0,0.96,0.0000,0.0,0.00
1765413719.493370,2,256,155,1765413719492,1765413719492,0,0.96,0.0000,0.0,0.00
1765413719.534570,2,257,156,1765413719534,1765413719534,0,0.96,0.0000,0.0,0.00
1765413719.576580,2,258,157,1765413719576,1765413719576,0,0.94,0.0000,0.0,0.00
1765413719.618767,2,259,158,1765413719618,1765413719618,0,0.93,0.0000,0.0,0.00
1765413719.661024,2,260,159,1765413719661,1765413719661,0,0.91,0.0000,0.0,0.00
1765413719.704108,2,261,161,1765413719703,1765413719704,1,0.90,0.0000,0.0,0.00
1765413719.750128,2,262,162,1765413719746,1765413719750,4,0.95,0.0000,0.0,0.00
1765413719.788524,2,263,163,1765413719788,1765413719788,0,1.02,0.0000,0.0,0.00
1765413719.833377,2,264,164,1765413719830,1765413719832,2,1.03,0.0000,0.0,0.00
1765413719.872449,2,265,165,1765413719872,1765413719872,0,1.07,0.0000,0.0,0.00
1765413719.915601,2,266,166,1765413719915,1765413719915,0,1.07,0.0000,0.0,0.00
1765413719.956709,2,267,167,1765413719956,1765413719956,0,1.08,0.0000,0.0,0.00
1765413719.998598,2,268,168,1765413719998,1765413719998,0,1.07,0.0000,0.0,0.00
1765413720.111306,2,269,169,1765413720105,1765413720111,6,2.60,0.0000,0.0,0.00
1765413720.137133,2,270,170,1765413720124,1765413720137,13,2.68,0.0000,0.0,0.00
1765413720.188521,2,271,171,1765413720161,1765413720172,11,2.73,0.0000,0.0,0.00
1765413720.205211,2,272,172,1765413720203,1765413720205,2,2.81,0.0000,0.0,0.00
1765413720.237110,2,273,173,1765413720237,1765413720237,0,2.94,0.0000,0.0,0.00
1765413720.281641,2,274,174,1765413720279,1765413720281,2,2.96,0.0000,0.0,0.00
1765413720.321703,2,275,175,1765413720321,1765413720321,0,2.98,0.0000,0.0,0.00
1765413720.367165,2,276,176,1765413720364,1765413720367,3,3.03,0.0000,0.0,0.00
1765413720.407412,2,277,177,1765413720407,1765413720407,0,3.06,0.0000,0.0,0.00
1765413720.450247,2,278,178,1765413720449,1765413720449,0,3.07,0.0000,0.0,0.00
1765413720.491140,2,279,179,1765413720491,1765413720491,0,3.03,0.0000,0.0,0.00
1765413720.534166,2,280,180,1765413720534,1765413720534,0,2.99,0.0000,0.0,0.00
1765413720.577009,2,281,181,1765413720576,1765413720577,1,2.98,0.0000,0.0,0.00
1765413720.618869,2,282,182,1765413720618,1765413720618,0,3.00,0.0000,0.0,0.00
1765413720.653984,2,283,183,1765413720653,1765413720653,0,3.09,0.0000,0.0,0.00
1765413720.701239,2,284,185,1765413720697,1765413720701,4,3.19,0.0000,0.0,0.00
1765413720.740123,2,285,186,1765413720740,1765413720740,0,3.23,0.0000,0.0,0.00
1765413720.782845,2,286,187,1765413720782,1765413720782,0,3.23,0.0000,0.0,0.00
1765413720.825449,2,287,188,1765413720825,1765413720825,0,3.23,0.0000,0.0,0.00
1765413720.868401,2,288,189,1765413720868,1765413720868,0,3.23,0.0000,0.0,0.00
1765413720.911253,2,289,190,1765413720910,1765413720911,1,3.22,0.0000,0.0,0.00
1765413720.953164,2,290,191,1765413720953,1765413720953,0,3.23,0.0000,0.0,0.00
1765413720.995147,2,291,192,1765413720995,1765413720995,0,3.23,0.0000,0.0,0.00
1765413721.037522,2,292,193,1765413721037,1765413721037,0,3.23,0.0000,0.0,0.00
1765413721.082279,2,293,194,1765413721079,1765413721082,3,3.26,0.0000,0.0,0.00
1765413721.121904,2,294,195,1765413721121,1765413721121,0,3.31,0.0000,0.0,0.00
1765413721.164511,2,295,196,1765413721164,1765413721164,0,3.30,0.0000,0.0,0.00
1765413721.206803,2,296,197,1765413721206,1765413721206,0,3.30,0.0000,0.0,0.00
1765413721.249187,2,297,198,1765413721249,1765413721249,0,3.28,0.0000,0.0,0.00
1765413721.296968,2,298,199,1765413721291,1765413721296,5,3.34,0.0000,0.0,0.00
1765413721.333906,2,299,200,1765413721333,1765413721333,0,3.38,0.0000,0.0,0.00
1765413721.380291,2,300,201,1765413721376,1765413721380,4,3.45,0.0000,0.0,0.00
1765413721.419034,2,301,203,1765413721419,1765413721419,0,3.48,0.0000,0.0,0.00
1765413721.460605,2,302,204,1765413721460,1765413721460,0,3.48,0.0000,0.0,0.00
1765413721.502736,2,303,205,1765413721502,1765413721502,0,3.49,0.0000,0.0,0.00
1765413721.545476,2,304,206,1765413721545,1765413721545,0,3.48,0.0000,0.0,0.00
1765413721.588042,2,305,207,1765413721588,1765413721588,0,3.48,0.0000,0.0,0.00
1765413721.624504,2,306,208,1765413721623,1765413721623,0,3.58,0.0000,0.0,0.00
1765413721.667211,2,307,209,1765413721667,1765413721667,0,3.56,0.0000,0.0,0.00
1765413721.713714,2,308,211,1765413721710,1765413721713,3,3.58,0.0000,0.0,0.00
1765413721.752347,2,309,212,1765413721752,1765413721752,0,3.61,0.0000,0.0,0.00
1765413721.794699,2,310,213,1765413721794,1765413721794,0,3.58,0.0000,0.0,0.00
1765413721.836440,2,311,214,1765413721836,1765413721836,0,3.58,0.0000,0.0,0.00
1765413721.878860,2,312,215,1765413721878,1765413721878,0,3.58,0.0000,0.0,0.00
1765413721.920694,2,313,216,1765413721920,1765413721920,0,3.58,0.0000,0.0,0.00
1765413721.962298,2,314,217,1765413721962,1765413721962,0,3.58,0.0000,0.0,0.00
1765413722.003581,2,315,218,1765413722003,1765413722003,0,3.58,0.0000,0.0,0.00
1765413722.045217,2,316,219,1765413722045,1765413722045,0,3.58,0.0000,0.0,0.00
1765413722.087202,2,317,220,1765413722087,1765413722087,0,3.58,0.0000,0.0,0.00
1765413722.129537,2,318,221,1765413722129,1765413722129,0,3.58,0.0000,0.0,0.00
1765413722.175325,2,319,222,1765413722171,1765413722173,2,3.60,0.0000,0.0,0.00
1765413722.213655,2,320,223,1765413722213,1765413722213,0,3.62,0.0000,0.0,0.00
1765413722.257922,2,321,224,1765413722257,1765413722257,0,3.64,0.0000,0.0,0.00
1765413722.289264,2,322,225,1765413722289,1765413722289,0,3.70,0.0000,0.0,0.00
1765413722.331544,2,323,226,1765413722331,1765413722331,0,3.65,0.0000,0.0,0.00
1765413722.374491,2,324,227,1765413722373,1765413722374,1,3.63,0.0000,0.0,0.00
1765413722.416162,2,325,228,1765413722416,1765413722416,0,3.61,0.0000,0.0,0.00
1765413722.458649,2,326,229,1765413722458,1765413722458,0,3.60,0.0000,0.0,0.00
1765413722.500671,2,327,231,1765413722500,1765413722500,0,3.59,0.0000,0.0,0.00
1765413722.543353,2,328,232,1765413722543,1765413722543,0,3.59,0.0000,0.0,0.00
1765413722.585969,2,329,233,1765413722585,1765413722585,0,2.61,0.0000,0.0,0.00
1765413722.629002,2,330,234,1765413722627,1765413722627,0,2.25,0.0000,0.0,0.00
1765413722.673683,2,331,235,1765413722670,1765413722673,3,2.13,0.0000,0.0,0.00
1765413722.712085,2,332,236,1765413722712,1765413722712,0,1.98,0.0000,0.0,0.00
1765413722.758141,2,333,237,1765413722754,1765413722758,4,1.79,0.0000,0.0,0.00
1765413722.797593,2,334,238,1765413722796,1765413722796,0,1.86,0.0000,0.0,0.00
1765413722.839554,2,335,239,1765413722839,1765413722839,0,1.82,0.0000,0.0,0.00
1765413722.881286,2,336,240,1765413722881,1765413722881,0,1.78,0.0000,0.0,0.00
1765413722.926246,2,337,241,1765413722923,1765413722926,3,1.76,0.0000,0.0,0.00
1765413722.966118,2,338,242,1765413722966,1765413722966,0,1.81,0.0000,0.0,0.00
1765413723.009885,2,339,243,1765413723008,1765413723008,0,1.81,0.0000,0.0,0.00
1765413723.050151,2,340,244,1765413723050,1765413723050,0,1.80,0.0000,0.0,0.00
1765413723.094909,2,341,245,1765413723092,1765413723093,1,1.80,0.0000,0.0,0.00
1765413723.134582,2,342,246,1765413723134,1765413723134,0,1.80,0.0000,0.0,0.00
1765413723.181075,2,343,247,1765413723177,1765413723181,4,1.76,0.0000,0.0,0.00
1765413723.220607,2,344,248,1765413723220,1765413723220,0,1.69,0.0000,0.0,0.00
1765413723.263193,2,345,249,1765413723262,1765413723262,0,1.64,0.0000,0.0,0.00
1765413723.304372,2,346,250,1765413723304,1765413723304,0,1.64,0.0000,0.0,0.00
1765413723.346504,2,347,251,1765413723346,1765413723346,0,1.62,0.0000,0.0,0.00
1765413723.389362,2,348,252,1765413723388,1765413723388,0,1.60,0.0000,0.0,0.00
1765413723.431526,2,349,253,1765413723431,1765413723431,0,1.60,0.0000,0.0,0.00
1765413723.473549,2,350,254,1765413723473,1765413723473,0,1.60,0.0000,0.0,0.00
1765413723.515491,2,351,255,1765413723515,1765413723515,0,1.60,0.0000,0.0,0.00
1765413723.561402,2,352,256,1765413723558,1765413723561,3,1.69,0.0000,0.0,0.00
1765413723.600795,2,353,257,1765413723600,1765413723600,0,1.68,0.0000,0.0,0.00
1765413723.642673,2,354,258,1765413723642,1765413723642,0,1.62,0.0000,0.0,0.00
1765413723.684997,2,355,259,1765413723684,1765413723684,0,1.60,0.0000,0.0,0.00
1765413723.729264,2,356,262,1765413723727,1765413723728,1,1.64,0.0000,0.0,0.00
1765413723.769533,2,357,263,1765413723769,1765413723769,0,1.63,0.0000,0.0,0.00
1765413723.811982,2,358,264,1765413723811,1765413723811,0,1.59,0.0000,0.0,0.00
1765413723.853731,2,359,265,1765413723853,1765413723853,0,1.47,0.0000,0.0,0.00
1765413723.896209,2,360,266,1765413723896,1765413723896,0,1.44,0.0000,0.0,0.00
1765413723.937896,2,361,267,1765413723937,1765413723937,0,1.38,0.0000,0.0,0.00
1765413723.979608,2,362,268,1765413723979,1765413723979,0,1.36,0.0000,0.0,0.00
1765413724.023098,2,363,269,1765413724023,1765413724023,0,1.39,0.0000,0.0,0.00
1765413724.064562,2,364,270,1765413724064,1765413724064,0,1.39,0.0000,0.0,0.00
1765413724.107156,2,365,271,1765413724106,1765413724106,0,1.38,0.0000,0.0,0.00
1765413724.149976,2,366,272,1765413724149,1765413724149,0,1.31,0.0000,0.0,0.00
1765413724.195361,2,367,273,1765413724191,1765413724195,4,1.35,0.0000,0.0,0.00
1765413724.233688,2,368,274,1765413724233,1765413724233,0,1.30,0.0000,0.0,0.00
1765413724.277998,2,369,275,1765413724275,1765413724277,2,1.32,0.0000,0.0,0.00
1765413724.318307,2,370,276,1765413724318,1765413724318,0,1.33,0.0000,0.0,0.00
1765413724.361712,2,371,277,1765413724360,1765413724361,1,1.35,0.0000,0.0,0.00
1765413724.403317,2,372,278,1765413724403,1765413724403,0,1.35,0.0000,0.0,0.00
1765413724.445845,2,373,279,1765413724445,1765413724445,0,1.35,0.0000,0.0,0.00
1765413724.489463,2,374,280,1765413724488,1765413724488,0,1.37,0.0000,0.0,0.00
1765413724.530715,2,375,281,1765413724530,1765413724530,0,1.36,0.0000,0.0,0.00
1765413724.573202,2,376,282,1765413724572,1765413724572,0,1.36,0.0000,0.0,0.00
1765413724.614233,2,377,283,1765413724614,1765413724614,0,1.36,0.0000,0.0,0.00
1765413724.655908,2,378,284,1765413724655,1765413724655,0,1.37,0.0000,0.0,0.00
1765413724.698660,2,379,285,1765413724698,1765413724698,0,1.34,0.0000,0.0,0.00
1765413724.739658,2,380,286,1765413724739,1765413724739,0,1.33,0.0000,0.0,0.00
1765413724.781445,2,381,287,1765413724781,1765413724781,0,1.29,0.0000,0.0,0.00
1765413724.826336,2,382,288,1765413724824,1765413724826,2,1.24,0.0000,0.0,0.00
1765413724.865875,2,383,289,1765413724865,1765413724865,0,1.28,0.0000,0.0,0.00
1765413724.908182,2,384,290,1765413724908,1765413724908,0,1.28,0.0000,0.0,0.00
1765413724.951322,2,385,291,1765413724951,1765413724951,0,1.29,0.0000,0.0,0.00
1765413724.993035,2,386,292,1765413724993,1765413724993,0,1.29,0.0000,0.0,0.00
1765413725.036368,2,387,293,1765413725036,1765413725036,0,1.30,0.0000,0.0,0.00
1765413725.079280,2,388,294,1765413725078,1765413725078,0,1.29,0.0000,0.0,0.00
1765413725.122903,2,389,295,1765413725120,1765413725122,2,1.33,0.0000,0.0,0.00
1765413725.163009,2,390,296,1765413725163,1765413725163,0,1.34,0.0000,0.0,0.00
1765413725.206014,2,391,297,1765413725205,1765413725206,1,1.27,0.0000,0.0,0.00
1765413725.247845,2,392,298,1765413725247,1765413725247,0,1.25,0.0000,0.0,0.00
1765413725.289275,2,393,299,1765413725288,1765413725288,0,1.18,0.0000,0.0,0.00
1765413725.330971,2,394,300,1765413725330,1765413725330,0,1.14,0.0000,0.0,0.00
1765413725.372318,2,395,301,1765413725372,1765413725372,0,1.12,0.0000,0.0,0.00
1765413725.415009,2,396,302,1765413725414,1765413725415,1,1.14,0.0000,0.0,0.00
1765413725.452717,2,397,303,1765413725450,1765413725452,2,1.13,0.0000,0.0,0.00
1765413725.493264,2,398,304,1765413725492,1765413725492,0,1.13,0.0000,0.0,0.00
1765413725.537771,2,399,305,1765413725535,1765413725537,2,1.19,0.0000,0.0,0.00
1765413725.577176,2,400,306,1765413725577,1765413725577,0,1.22,0.0000,0.0,0.00
1765413725.619784,2,401,307,1765413725619,1765413725619,0,1.20,0.0000,0.0,0.00
1765413725.662160,2,402,308,1765413725661,1765413725661,0,1.19,0.0000,0.0,0.00
1765413725.703757,2,403,309,1765413725703,1765413725703,0,1.08,0.0000,0.0,0.00
1765413725.749029,2,404,311,1765413725745,1765413725749,4,1.13,0.0000,0.0,0.00
1765413725.787919,2,405,312,1765413725787,1765413725787,0,1.18,0.0000,0.0,0.00
1765413725.831751,2,406,313,1765413725829,1765413725831,2,1.22,0.0000,0.0,0.00
1765413725.871288,2,407,314,1765413725871,1765413725871,0,1.24,0.0000,0.0,0.00
1765413725.913040,2,408,315,1765413725913,1765413725913,0,1.24,0.0000,0.0,0.00
1765413725.955334,2,409,316,1765413725955,1765413725955,0,1.22,0.0000,0.0,0.00
1765413726.001500,2,410,318,1765413725998,1765413726000,2,1.29,0.0000,0.0,0.00
1765413726.041516,2,411,319,1765413726040,1765413726041,1,1.30,0.0000,0.0,0.00
1765413726.108168,2,412,320,1765413726098,1765413726108,10,1.75,0.0000,0.0,0.00
1765413726.131397,2,413,321,1765413726129,1765413726131,2,1.94,0.0000,0.0,0.00
1765413726.173576,2,414,322,1765413726172,1765413726172,0,1.95,0.0000,0.0,0.00
1765413726.214257,2,415,323,1765413726214,1765413726214,0,1.95,0.0000,0.0,0.00
1765413726.258930,2,416,324,1765413726256,1765413726258,2,1.95,0.0000,0.0,0.00
1765413726.304371,2,417,325,1765413726299,1765413726304,5,2.02,0.0000,0.0,0.00
1765413726.341048,2,418,326,1765413726341,1765413726341,0,2.08,0.0000,0.0,0.00
1765413726.384392,2,419,327,1765413726383,1765413726383,0,2.08,0.0000,0.0,0.00
1765413726.425740,2,420,328,1765413726425,1765413726425,0,2.06,0.0000,0.0,0.00
1765413726.472367,2,421,329,1765413726468,1765413726472,4,2.15,0.0000,0.0,0.00
1765413726.510904,2,422,330,1765413726510,1765413726510,0,2.20,0.0000,0.0,0.00
1765413726.554872,2,423,331,1765413726551,1765413726554,3,2.20,0.0000,0.0,0.00
1765413726.594216,2,424,332,1765413726594,1765413726594,0,2.21,0.0000,0.0,0.00
1765413726.638269,2,425,333,1765413726636,1765413726638,2,2.25,0.0000,0.0,0.00
1765413726.679311,2,426,334,1765413726679,1765413726679,0,2.24,0.0000,0.0,0.00
1765413726.721851,2,427,335,1765413726721,1765413726721,0,2.16,0.0000,0.0,0.00
1765413726.766210,2,428,337,1765413726765,1765413726765,0,2.15,0.0000,0.0,0.00
1765413726.798207,2,429,338,1765413726797,1765413726798,1,2.22,0.0000,0.0,0.00
1765413726.839556,2,430,339,1765413726839,1765413726839,0,2.22,0.0000,0.0,0.00
1765413726.881104,2,431,340,1765413726881,1765413726881,0,2.20,0.0000,0.0,0.00
1765413726.923201,2,432,341,1765413726923,1765413726923,0,2.20,0.0000,0.0,0.00
1765413726.968472,2,433,342,1765413726964,1765413726968,4,2.26,0.0000,0.0,0.00
1765413727.006463,2,434,343,1765413727006,1765413727006,0,2.31,0.0000,0.0,0.00
1765413727.052224,2,435,344,1765413727048,1765413727052,4,2.38,0.0000,0.0,0.00
1765413727.091771,2,436,345,1765413727091,1765413727091,0,2.42,0.0000,0.0,0.00
1765413727.135356,2,437,346,1765413727133,1765413727135,2,2.45,0.0000,0.0,0.00
1765413727.175534,2,438,347,1765413727175,1765413727175,0,2.47,0.0000,0.0,0.00
1765413727.219988,2,439,348,1765413727217,1765413727218,1,2.47,0.0000,0.0,0.00
1765413727.260990,2,440,349,1765413727259,1765413727259,0,2.47,0.0000,0.0,0.00
1765413727.303053,2,441,350,1765413727302,1765413727302,0,2.49,0.0000,0.0,0.00
1765413727.345181,2,442,351,1765413727345,1765413727345,0,2.45,0.0000,0.0,0.00
1765413727.378673,2,443,352,1765413727378,1765413727378,0,2.58,0.0000,0.0,0.00
1765413727.419806,2,444,353,1765413727419,1765413727419,0,2.58,0.0000,0.0,0.00
1765413727.461654,2,445,354,1765413727461,1765413727461,0,2.57,0.0000,0.0,0.00
1765413727.504935,2,446,355,1765413727503,1765413727503,0,2.57,0.0000,0.0,0.00
1765413727.545768,2,447,356,1765413727545,1765413727545,0,2.56,0.0000,0.0,0.00
1765413727.588292,2,448,357,1765413727587,1765413727588,1,2.57,0.0000,0.0,0.00
1765413727.632838,2,449,358,1765413727629,1765413727632,3,2.57,0.0000,0.0,0.00
1765413727.671473,2,450,359,1765413727671,1765413727671,0,2.61,0.0000,0.0,0.00
1765413727.714116,2,451,360,1765413727714,1765413727714,0,2.61,0.0000,0.0,0.00
1765413727.757066,2,452,362,1765413727756,1765413727756,0,2.60,0.0000,0.0,0.00
1765413727.799003,2,453,364,1765413727799,1765413727799,0,2.59,0.0000,0.0,0.00
1765413727.841275,2,454,365,1765413727841,1765413727841,0,2.59,0.0000,0.0,0.00
1765413727.883361,2,455,366,1765413727883,1765413727883,0,2.59,0.0000,0.0,0.00
1765413727.925796,2,456,367,1765413727925,1765413727925,0,2.58,0.0000,0.0,0.00
1765413727.967383,2,457,368,1765413727967,1765413727967,0,2.48,0.0000,0.0,0.00
1765413728.009191,2,458,369,1765413728009,1765413728009,0,2.43,0.0000,0.0,0.00
1765413728.051697,2,459,370,1765413728051,1765413728051,0,2.40,0.0000,0.0,0.00
1765413728.093502,2,460,371,1765413728093,1765413728093,0,2.36,0.0000,0.0,0.00
1765413728.139528,2,461,372,1765413728135,1765413728139,4,2.40,0.0000,0.0,0.00
1765413728.178059,2,462,373,1765413728178,1765413728178,0,2.47,0.0000,0.0,0.00
1765413728.219819,2,463,374,1765413728219,1765413728219,0,2.49,0.0000,0.0,0.00
1765413728.262736,2,464,375,1765413728262,1765413728262,0,2.46,0.0000,0.0,0.00
1765413728.304415,2,465,376,1765413728304,1765413728304,0,2.37,0.0000,0.0,0.00
1765413728.346430,2,466,377,1765413728346,1765413728346,0,2.35,0.0000,0.0,0.00
1765413728.390988,2,467,378,1765413728388,1765413728390,2,2.32,0.0000,0.0,0.00
1765413728.430816,2,468,379,1765413728430,1765413728430,0,2.37,0.0000,0.0,0.00
1765413728.474487,2,469,380,1765413728473,1765413728474,1,2.39,0.0000,0.0,0.00
1765413728.515745,2,470,381,1765413728515,1765413728515,0,2.38,0.0000,0.0,0.00
1765413728.559782,2,471,382,1765413728559,1765413728559,0,2.38,0.0000,0.0,0.00
1765413728.601721,2,472,383,1765413728601,1765413728601,0,2.12,0.0000,0.0,0.00
1765413728.644642,2,473,384,1765413728644,1765413728644,0,1.70,0.0000,0.0,0.00
1765413728.685844,2,474,385,1765413728685,1765413728685,0,1.70,0.0000,0.0,0.00
1765413728.729361,2,475,386,1765413728728,1765413728729,1,1.72,0.0000,0.0,0.00
1765413728.770783,2,476,387,1765413728770,1765413728770,0,1.72,0.0000,0.0,0.00
1765413728.812894,2,477,388,1765413728812,1765413728812,0,1.67,0.0000,0.0,0.00
1765413728.855122,2,478,389,1765413728855,1765413728855,0,1.57,0.0000,0.0,0.00
1765413728.897595,2,479,390,1765413728897,1765413728897,0,1.57,0.0000,0.0,0.00
1765413728.939796,2,480,391,1765413728939,1765413728939,0,1.57,0.0000,0.0,0.00
1765413728.988132,2,481,392,1765413728984,1765413728988,4,1.59,0.0000,0.0,0.00
1765413729.016567,2,482,394,1765413729016,1765413729016,0,1.83,0.0000,0.0,0.00
1765413729.059958,2,483,395,1765413729058,1765413729059,1,1.82,0.0000,0.0,0.00
1765413729.100679,2,484,396,1765413729100,1765413729100,0,1.79,0.0000,0.0,0.00
1765413729.143604,2,485,397,1765413729143,1765413729143,0,1.78,0.0000,0.0,0.00
1765413729.185296,2,486,398,1765413729185,1765413729185,0,1.77,0.0000,0.0,0.00
1765413729.228598,2,487,399,1765413729226,1765413729228,2,1.78,0.0000,0.0,0.00
1765413729.268143,2,488,400,1765413729268,1765413729268,0,1.80,0.0000,0.0,0.00
1765413729.310969,2,489,401,1765413729309,1765413729310,1,1.59,0.0000,0.0,0.00
1765413729.352835,2,490,402,1765413729352,1765413729352,0,1.57,0.0000,0.0,0.00
1765413729.395689,2,491,403,1765413729394,1765413729395,1,1.58,0.0000,0.0,0.00
1765413729.436771,2,492,404,1765413729436,1765413729436,0,1.60,0.0000,0.0,0.00
1765413729.478761,2,493,405,1765413729478,1765413729478,0,1.57,0.0000,0.0,0.00
1765413729.520553,2,494,406,1765413729520,1765413729520,0,1.48,0.0000,0.0,0.00
1765413729.562675,2,495,407,1765413729562,1765413729562,0,1.44,0.0000,0.0,0.00
1765413729.604037,2,496,408,1765413729604,1765413729604,0,1.38,0.0000,0.0,0.00
1765413729.646410,2,497,409,1765413729645,1765413729646,1,1.36,0.0000,0.0,0.00
1765413729.688315,2,498,410,1765413729688,1765413729688,0,1.31,0.0000,0.0,0.00
1765413729.730321,2,499,412,1765413729730,1765413729730,0,1.30,0.0000,0.0,0.00
1765413729.776579,2,500,414,1765413729773,1765413729776,3,1.31,0.0000,0.0,0.00
1765413729.815290,2,501,415,1765413729815,1765413729815,0,1.38,0.0000,0.0,0.00
1765413729.861166,2,502,416,1765413729857,1765413729861,4,1.40,0.0000,0.0,0.00
1765413729.900870,2,503,417,1765413729900,1765413729900,0,1.28,0.0000,0.0,0.00
1765413729.943292,2,504,418,1765413729943,1765413729943,0,1.29,0.0000,0.0,0.00
1765413729.985364,2,505,419,1765413729985,1765413729985,0,1.29,0.0000,0.0,0.00
1765413730.027738,2,506,420,1765413730027,1765413730027,0,1.29,0.0000,0.0,0.00
1765413730.069881,2,507,421,1765413730069,1765413730069,0,1.29,0.0000,0.0,0.00
1765413730.111488,2,508,422,1765413730111,1765413730111,0,1.27,0.0000,0.0,0.00
1765413730.153183,2,509,423,1765413730153,1765413730153,0,1.22,0.0000,0.0,0.00
1765413730.195505,2,510,424,1765413730195,1765413730195,0,1.19,0.0000,0.0,0.00
1765413730.238500,2,511,425,1765413730238,1765413730238,0,1.19,0.0000,0.0,0.00
1765413730.280912,2,512,426,1765413730280,1765413730280,0,1.19,0.0000,0.0,0.00
1765413730.327285,2,513,427,1765413730323,1765413730327,4,1.29,0.0000,0.0,0.00
1765413730.365637,2,514,428,1765413730365,1765413730365,0,1.33,0.0000,0.0,0.00
1765413730.411217,2,515,429,1765413730407,1765413730411,4,1.42,0.0000,0.0,0.00
1765413730.450491,2,516,430,1765413730450,1765413730450,0,1.45,0.0000,0.0,0.00
1765413730.493517,2,517,431,1765413730492,1765413730493,1,1.47,0.0000,0.0,0.00
1765413730.534572,2,518,432,1765413730534,1765413730534,0,1.48,0.0000,0.0,0.00
1765413730.576652,2,519,433,1765413730576,1765413730576,0,1.48,0.0000,0.0,0.00
1765413730.619003,2,520,434,1765413730619,1765413730619,0,1.50,0.0000,0.0,0.00
1765413730.661121,2,521,435,1765413730661,1765413730661,0,1.41,0.0000,0.0,0.00
1765413730.703329,2,522,436,1765413730703,1765413730703,0,1.38,0.0000,0.0,0.00
1765413730.745846,2,523,437,1765413730745,1765413730745,0,1.37,0.0000,0.0,0.00
1765413730.787508,2,524,438,1765413730787,1765413730787,0,1.35,0.0000,0.0,0.00
1765413730.829268,2,525,439,1765413730829,1765413730829,0,1.35,0.0000,0.0,0.00
1765413730.871740,2,526,440,1765413730871,1765413730871,0,1.35,0.0000,0.0,0.00
1765413730.913568,2,527,441,1765413730913,1765413730913,0,1.30,0.0000,0.0,0.00
1765413730.960210,2,528,442,1765413730955,1765413730958,3,1.35,0.0000,0.0,0.00
1765413730.998271,2,529,443,1765413730998,1765413730998,0,1.33,0.0000,0.0,0.00
1765413731.040643,2,530,444,1765413731040,1765413731040,0,1.32,0.0000,0.0,0.00
1765413731.083214,2,531,445,1765413731083,1765413731083,0,1.29,0.0000,0.0,0.00
1765413731.124469,2,532,446,1765413731124,1765413731124,0,1.30,0.0000,0.0,0.00
1765413731.166665,2,533,447,1765413731166,1765413731166,0,1.28,0.0000,0.0,0.00
1765413731.208923,2,534,448,1765413731208,1765413731208,0,1.27,0.0000,0.0,0.00
1765413731.250797,2,535,449,1765413731250,1765413731250,0,1.22,0.0000,0.0,0.00
1765413731.293315,2,536,450,1765413731293,1765413731293,0,1.24,0.0000,0.0,0.00
1765413731.338607,2,537,451,1765413731335,1765413731337,2,1.28,0.0000,0.0,0.00
1765413731.377883,2,538,452,1765413731377,1765413731377,0,1.28,0.0000,0.0,0.00
1765413731.420669,2,539,453,1765413731420,1765413731420,0,1.30,0.0000,0.0,0.00
1765413731.462363,2,540,454,1765413731462,1765413731462,0,1.30,0.0000,0.0,0.00
1765413731.504782,2,541,455,1765413731504,1765413731504,0,1.21,0.0000,0.0,0.00
1765413731.547044,2,542,456,1765413731547,1765413731547,0,1.02,0.0000,0.0,0.00
1765413731.589258,2,543,457,1765413731588,1765413731588,0,1.01,0.0000,0.0,0.00
1765413731.631111,2,544,458,1765413731631,1765413731631,0,1.02,0.0000,0.0,0.00
1765413731.673777,2,545,460,1765413731673,1765413731673,0,1.01,0.0000,0.0,0.00
1765413731.725229,2,546,461,1765413731721,1765413731725,4,1.23,0.0000,0.0,0.00
1765413731.754849,2,547,463,1765413731752,1765413731753,1,1.35,0.0000,0.0,0.00
1765413731.794967,2,548,464,1765413731794,1765413731794,0,1.34,0.0000,0.0,0.00
1765413731.838708,2,549,465,1765413731837,1765413731838,1,1.39,0.0000,0.0,0.00
1765413731.879120,2,550,466,1765413731879,1765413731879,0,1.40,0.0000,0.0,0.00
1765413731.920925,2,551,467,1765413731920,1765413731920,0,1.39,0.0000,0.0,0.00
1765413731.962986,2,552,468,1765413731962,1765413731962,0,1.38,0.0000,0.0,0.00
1765413732.007499,2,553,469,1765413732004,1765413732007,3,1.44,0.0000,0.0,0.00
1765413732.047874,2,554,470,1765413732047,1765413732047,0,1.46,0.0000,0.0,0.00
1765413732.090713,2,555,471,1765413732089,1765413732090,1,1.48,0.0000,0.0,0.00
1765413732.131116,2,556,472,1765413732131,1765413732131,0,1.49,0.0000,0.0,0.00
1765413732.172844,2,557,473,1765413732172,1765413732172,0,1.50,0.0000,0.0,0.00
1765413732.216249,2,558,474,1765413732215,1765413732215,0,1.52,0.0000,0.0,0.00
1765413732.258054,2,559,475,1765413732258,1765413732258,0,1.54,0.0000,0.0,0.00
1765413732.299694,2,560,476,1765413732299,1765413732299,0,1.47,0.0000,0.0,0.00
1765413732.341120,2,561,477,1765413732341,1765413732341,0,1.43,0.0000,0.0,0.00
1765413732.383496,2,562,478,1765413732383,1765413732383,0,1.35,0.0000,0.0,0.00
1765413732.425861,2,563,479,1765413732425,1765413732425,0,1.31,0.0000,0.0,0.00
1765413732.468815,2,564,480,1765413732468,1765413732468,0,1.31,0.0000,0.0,0.00
1765413732.511434,2,565,481,1765413732511,1765413732511,0,1.33,0.0000,0.0,0.00
1765413732.553667,2,566,482,1765413732553,1765413732553,0,1.33,0.0000,0.0,0.00
1765413732.595617,2,567,483,1765413732595,1765413732595,0,1.33,0.0000,0.0,0.00
1765413732.638518,2,568,484,1765413732638,1765413732638,0,1.35,0.0000,0.0,0.00
1765413732.680717,2,569,485,1765413732680,1765413732680,0,1.35,0.0000,0.0,0.00
1765413732.724348,2,570,486,1765413732724,1765413732724,0,1.39,0.0000,0.0,0.00
1765413732.766148,2,571,487,1765413732766,1765413732766,0,1.37,0.0000,0.0,0.00
1765413732.812521,2,572,489,1765413732809,1765413732811,2,1.43,0.0000,0.0,0.00
1765413732.852113,2,573,490,1765413732852,1765413732852,0,1.34,0.0000,0.0,0.00
1765413732.896555,2,574,491,1765413732893,1765413732896,3,1.33,0.0000,0.0,0.00
1765413732.936556,2,575,492,1765413732936,1765413732936,0,1.28,0.0000,0.0,0.00
1765413732.981248,2,576,493,1765413732979,1765413732981,2,1.30,0.0000,0.0,0.00
1765413733.020943,2,577,494,1765413733020,1765413733020,0,1.32,0.0000,0.0,0.00
1765413733.062930,2,578,495,1765413733062,1765413733062,0,1.31,0.0000,0.0,0.00
1765413733.105255,2,579,496,1765413733104,1765413733104,0,1.31,0.0000,0.0,0.00
1765413733.148006,2,580,497,1765413733146,1765413733146,0,1.29,0.0000,0.0,0.00
1765413733.190459,2,581,498,1765413733189,1765413733189,0,1.31,0.0000,0.0,0.00
1765413733.232714,2,582,499,1765413733232,1765413733232,0,1.32,0.0000,0.0,0.00
1765413733.275132,2,583,500,1765413733274,1765413733274,0,1.32,0.0000,0.0,0.00
1765413733.316808,2,584,501,1765413733316,1765413733316,0,1.32,0.0000,0.0,0.00
1765413733.358648,2,585,502,1765413733358,1765413733358,0,1.32,0.0000,0.0,0.00
1765413733.400536,2,586,503,1765413733400,1765413733400,0,1.32,0.0000,0.0,0.00
1765413733.443199,2,587,504,1765413733443,1765413733443,0,1.34,0.0000,0.0,0.00
1765413733.485785,2,588,505,1765413733485,1765413733485,0,1.28,0.0000,0.0,0.00
1765413733.527667,2,589,506,1765413733527,1765413733527,0,1.26,0.0000,0.0,0.00
1765413733.570235,2,590,507,1765413733570,1765413733570,0,1.27,0.0000,0.0,0.00
1765413733.612844,2,591,508,1765413733612,1765413733612,0,1.26,0.0000,0.0,0.00
1765413733.655052,2,592,510,1765413733655,1765413733655,0,1.26,0.0000,0.0,0.00
1765413733.699496,2,593,511,1765413733697,1765413733699,2,1.29,0.0000,0.0,0.00
1765413733.739909,2,594,512,1765413733739,1765413733739,0,1.32,0.0000,0.0,0.00
1765413733.782614,2,595,514,1765413733782,1765413733782,0,1.33,0.0000,0.0,0.00
1765413733.824679,2,596,515,1765413733824,1765413733824,0,1.32,0.0000,0.0,0.00
1765413733.867311,2,597,516,1765413733867,1765413733867,0,1.30,0.0000,0.0,0.00
1765413733.909812,2,598,517,1765413733909,1765413733909,0,1.27,0.0000,0.0,0.00
1765413733.951174,2,599,518,1765413733950,1765413733950,0,1.27,0.0000,0.0,0.00
1765413733.995599,2,600,519,1765413733992,1765413733995,3,1.33,0.0000,0.0,0.00
1765413734.034302,2,601,520,1765413734034,1765413734034,0,1.37,0.0000,0.0,0.00
1765413734.079242,2,602,521,1765413734076,1765413734079,3,1.41,0.0000,0.0,0.00
1765413734.118009,2,603,522,1765413734118,1765413734118,0,1.43,0.0000,0.0,0.00
1765413734.163269,2,604,523,1765413734160,1765413734163,3,1.47,0.0000,0.0,0.00
1765413734.202069,2,605,524,1765413734202,1765413734202,0,1.51,0.0000,0.0,0.00
1765413734.244530,2,606,525,1765413734244,1765413734244,0,1.32,0.0000,0.0,0.00
1765413734.286651,2,607,526,1765413734286,1765413734286,0,1.13,0.0000,0.0,0.00
1765413734.329175,2,608,527,1765413734328,1765413734328,0,1.12,0.0000,0.0,0.00
1765413734.370722,2,609,528,1765413734370,1765413734370,0,1.09,0.0000,0.0,0.00
1765413734.412730,2,610,529,1765413734412,1765413734412,0,1.07,0.0000,0.0,0.00
1765413734.454618,2,611,530,1765413734454,1765413734454,0,1.06,0.0000,0.0,0.00
1765413734.496465,2,612,531,1765413734496,1765413734496,0,1.06,0.0000,0.0,0.00
1765413734.539461,2,613,532,1765413734538,1765413734539,1,1.02,0.0000,0.0,0.00
1765413734.580755,2,614,533,1765413734580,1765413734580,0,1.01,0.0000,0.0,0.00
1765413734.622570,2,615,534,1765413734622,1765413734622,0,0.99,0.0000,0.0,0.00
1765413734.664746,2,616,535,1765413734664,1765413734664,0,0.98,0.0000,0.0,0.00
1765413734.707179,2,617,536,1765413734706,1765413734707,1,0.98,0.0000,0.0,0.00
1765413734.750185,2,618,537,1765413734749,1765413734749,0,0.97,0.0000,0.0,0.00
1765413734.791841,2,619,538,1765413734791,1765413734791,0,0.96,0.0000,0.0,0.00
1765413734.834827,2,620,539,1765413734834,1765413734834,0,0.96,0.0000,0.0,0.00
1765413734.879221,2,621,540,1765413734877,1765413734879,2,1.01,0.0000,0.0,0.00
1765413734.919066,2,622,541,1765413734919,1765413734919,0,1.04,0.0000,0.0,0.00
1765413734.962921,2,623,542,1765413734961,1765413734962,1,1.05,0.0000,0.0,0.00
1765413735.002753,2,624,543,1765413735002,1765413735002,0,1.06,0.0000,0.0,0.00
1765413735.046077,2,625,544,1765413735045,1765413735045,0,1.06,0.0000,0.0,0.00
1765413735.087918,2,626,545,1765413735087,1765413735087,0,1.06,0.0000,0.0,0.00
1765413735.129839,2,627,546,1765413735129,1765413735129,0,1.06,0.0000,0.0,0.00
1765413735.172204,2,628,547,1765413735172,1765413735172,0,1.06,0.0000,0.0,0.00
1765413735.214475,2,629,548,1765413735214,1765413735214,0,1.06,0.0000,0.0,0.00
1765413735.256490,2,630,549,1765413735256,1765413735256,0,1.03,0.0000,0.0,0.00
1765413735.298409,2,631,550,1765413735298,1765413735298,0,1.03,0.0000,0.0,0.00
1765413735.343793,2,632,551,1765413735340,1765413735343,3,1.03,0.0000,0.0,0.00
1765413735.382427,2,633,552,1765413735382,1765413735382,0,1.05,0.0000,0.0,0.00
1765413735.429497,2,634,553,1765413735425,1765413735429,4,1.12,0.0000,0.0,0.00
1765413735.461566,2,635,554,1765413735458,1765413735461,3,1.21,0.0000,0.0,0.00
1765413735.499795,2,636,555,1765413735499,1765413735499,0,1.22,0.0000,0.0,0.00
1765413735.545727,2,637,556,1765413735542,1765413735545,3,1.24,0.0000,0.0,0.00
1765413735.583944,2,638,557,1765413735583,1765413735583,0,1.29,0.0000,0.0,0.00
1765413735.630819,2,639,558,1765413735626,1765413735630,4,1.39,0.0000,0.0,0.00
1765413735.669261,2,640,559,1765413735668,1765413735669,1,1.43,0.0000,0.0,0.00
1765413735.713265,2,641,560,1765413735711,1765413735713,2,1.45,0.0000,0.0,0.00
1765413735.754359,2,642,561,1765413735753,1765413735753,0,1.45,0.0000,0.0,0.00
1765413735.795406,2,643,563,1765413735795,1765413735795,0,1.45,0.0000,0.0,0.00
1765413735.839008,2,644,565,1765413735839,1765413735839,0,1.50,0.0000,0.0,0.00
1765413735.881287,2,645,566,1765413735881,1765413735881,0,1.50,0.0000,0.0,0.00
1765413735.922923,2,646,567,1765413735922,1765413735922,0,1.51,0.0000,0.0,0.00
1765413735.966017,2,647,568,1765413735966,1765413735966,0,1.53,0.0000,0.0,0.00
1765413736.009474,2,648,569,1765413736007,1765413736009,2,1.55,0.0000,0.0,0.00
1765413736.050168,2,649,570,1765413736050,1765413736050,0,1.56,0.0000,0.0,0.00
1765413736.091997,2,650,571,1765413736091,1765413736091,0,1.55,0.0000,0.0,0.00
1765413736.133991,2,651,572,1765413736133,1765413736133,0,1.55,0.0000,0.0,0.00
1765413736.177440,2,652,573,1765413736177,1765413736177,0,1.58,0.0000,0.0,0.00
1765413736.222771,2,653,574,1765413736220,1765413736222,2,1.60,0.0000,0.0,0.00
1765413736.262156,2,654,575,1765413736262,1765413736262,0,1.60,0.0000,0.0,0.00
1765413736.308337,2,655,576,1765413736304,1765413736308,4,1.66,0.0000,0.0,0.00
1765413736.346415,2,656,577,1765413736346,1765413736346,0,1.71,0.0000,0.0,0.00
1765413736.392300,2,657,578,1765413736390,1765413736392,2,1.77,0.0000,0.0,0.00
1765413736.432441,2,658,579,1765413736432,1765413736432,0,1.80,0.0000,0.0,0.00
1765413736.474195,2,659,580,1765413736474,1765413736474,0,1.78,0.0000,0.0,0.00
1765413736.517522,2,660,581,1765413736516,1765413736516,0,1.72,0.0000,0.0,0.00
1765413736.561085,2,661,582,1765413736558,1765413736561,3,1.75,0.0000,0.0,0.00
1765413736.601456,2,662,583,1765413736601,1765413736601,0,1.71,0.0000,0.0,0.00
1765413736.645229,2,663,584,1765413736644,1765413736645,1,1.71,0.0000,0.0,0.00
1765413736.685649,2,664,585,1765413736685,1765413736685,0,1.68,0.0000,0.0,0.00
1765413736.728393,2,665,586,1765413736728,1765413736728,0,1.66,0.0000,0.0,0.00
1765413736.770095,2,666,587,1765413736770,1765413736770,0,1.66,0.0000,0.0,0.00
1765413736.812661,2,667,588,1765413736812,1765413736812,0,1.66,0.0000,0.0,0.00
1765413736.856054,2,668,589,1765413736856,1765413736856,0,1.70,0.0000,0.0,0.00
1765413736.899226,2,669,590,1765413736899,1765413736899,0,1.71,0.0000,0.0,0.00
1765413736.944417,2,670,592,1765413736941,1765413736944,3,1.77,0.0000,0.0,0.00
1765413736.984437,2,671,593,1765413736983,1765413736984,1,1.79,0.0000,0.0,0.00
1765413737.027665,2,672,595,1765413737027,1765413737027,0,1.81,0.0000,0.0,0.00
1765413737.070014,2,673,596,1765413737070,1765413737070,0,1.81,0.0000,0.0,0.00
1765413737.112133,2,674,597,1765413737112,1765413737112,0,1.79,0.0000,0.0,0.00
1765413737.156131,2,675,598,1765413737155,1765413737155,0,1.81,0.0000,0.0,0.00
1765413737.197721,2,676,599,1765413737197,1765413737197,0,1.81,0.0000,0.0,0.00
1765413737.242341,2,677,600,1765413737239,1765413737242,3,1.84,0.0000,0.0,0.00
1765413737.281999,2,678,601,1765413737281,1765413737281,0,1.89,0.0000,0.0,0.00
1765413737.327338,2,679,602,1765413737323,1765413737327,4,1.95,0.0000,0.0,0.00
1765413737.367659,2,680,603,1765413737366,1765413737366,0,1.99,0.0000,0.0,0.00
1765413737.410245,2,681,604,1765413737409,1765413737409,0,1.95,0.0000,0.0,0.00
1765413737.451928,2,682,605,1765413737451,1765413737451,0,1.92,0.0000,0.0,0.00
1765413737.494050,2,683,606,1765413737493,1765413737493,0,1.91,0.0000,0.0,0.00
1765413737.536552,2,684,607,1765413737536,1765413737536,0,1.89,0.0000,0.0,0.00
1765413737.578065,2,685,608,1765413737578,1765413737578,0,1.88,0.0000,0.0,0.00
1765413737.623381,2,686,609,1765413737620,1765413737623,3,1.93,0.0000,0.0,0.00
1765413737.664250,2,687,610,1765413737663,1765413737664,1,1.94,0.0000,0.0,0.00
1765413737.705467,2,688,611,1765413737705,1765413737705,0,1.95,0.0000,0.0,0.00
1765413737.748123,2,689,612,1765413737748,1765413737748,0,1.96,0.0000,0.0,0.00
1765413737.790010,2,690,614,1765413737790,1765413737790,0,1.96,0.0000,0.0,0.00
1765413737.832471,2,691,615,1765413737832,1765413737832,0,1.96,0.0000,0.0,0.00
1765413737.874734,2,692,616,1765413737874,1765413737874,0,1.91,0.0000,0.0,0.00
1765413737.919697,2,693,617,1765413737917,1765413737919,2,1.91,0.0000,0.0,0.00
1765413737.958898,2,694,618,1765413737958,1765413737958,0,1.87,0.0000,0.0,0.00
1765413738.003173,2,695,619,1765413738001,1765413738003,2,1.77,0.0000,0.0,0.00
1765413738.043909,2,696,620,1765413738043,1765413738043,0,1.74,0.0000,0.0,0.00
1765413738.086081,2,697,621,1765413738085,1765413738086,1,1.69,0.0000,0.0,0.00
1765413738.127914,2,698,622,1765413738127,1765413738127,0,1.64,0.0000,0.0,0.00
1765413738.169462,2,699,623,1765413738169,1765413738169,0,1.56,0.0000,0.0,0.00
1765413738.212268,2,700,624,1765413738212,1765413738212,0,1.52,0.0000,0.0,0.00
1765413738.254148,2,701,625,1765413738254,1765413738254,0,1.50,0.0000,0.0,0.00
1765413738.295952,2,702,626,1765413738295,1765413738295,0,1.48,0.0000,0.0,0.00
1765413738.338290,2,703,627,1765413738337,1765413738337,0,1.48,0.0000,0.0,0.00
1765413738.379872,2,704,628,1765413738379,1765413738379,0,1.46,0.0000,0.0,0.00
1765413738.414279,2,705,629,1765413738414,1765413738414,0,1.55,0.0000,0.0,0.00
1765413738.457576,2,706,630,1765413738456,1765413738456,0,1.54,0.0000,0.0,0.00
1765413738.500525,2,707,631,1765413738498,1765413738500,2,1.54,0.0000,0.0,0.00
1765413738.540725,2,708,632,1765413738540,1765413738540,0,1.55,0.0000,0.0,0.00
1765413738.582855,2,709,633,1765413738582,1765413738582,0,1.54,0.0000,0.0,0.00
1765413738.624856,2,710,634,1765413738624,1765413738624,0,1.53,0.0000,0.0,0.00
1765413738.667537,2,711,636,1765413738667,1765413738667,0,1.54,0.0000,0.0,0.00
1765413738.709105,2,712,637,1765413738709,1765413738709,0,1.51,0.0000,0.0,0.00
1765413738.751813,2,713,638,1765413738751,1765413738751,0,1.45,0.0000,0.0,0.00
1765413738.793321,2,714,639,1765413738793,1765413738793,0,1.43,0.0000,0.0,0.00
1765413738.835602,2,715,640,1765413738835,1765413738835,0,1.35,0.0000,0.0,0.00
1765413738.881182,2,716,642,1765413738877,1765413738881,4,1.38,0.0000,0.0,0.00
1765413738.919760,2,717,643,1765413738919,1765413738919,0,1.35,0.0000,0.0,0.00
1765413738.964587,2,718,644,1765413738961,1765413738964,3,1.38,0.0000,0.0,0.00
1765413739.004491,2,719,645,1765413739004,1765413739004,0,1.41,0.0000,0.0,0.00
1765413739.046333,2,720,646,1765413739046,1765413739046,0,1.41,0.0000,0.0,0.00
1765413739.089622,2,721,647,1765413739089,1765413739089,0,1.36,0.0000,0.0,0.00
1765413739.131433,2,722,648,1765413739131,1765413739131,0,1.34,0.0000,0.0,0.00
1765413739.173226,2,723,649,1765413739173,1765413739173,0,1.30,0.0000,0.0,0.00
1765413739.215053,2,724,650,1765413739215,1765413739215,0,1.28,0.0000,0.0,0.00
1765413739.258063,2,725,652,1765413739258,1765413739258,0,1.28,0.0000,0.0,0.00
1765413739.299866,2,726,653,1765413739299,1765413739299,0,1.29,0.0000,0.0,0.00
1765413739.342455,2,727,654,1765413739342,1765413739342,0,1.31,0.0000,0.0,0.00
1765413739.384562,2,728,655,1765413739384,1765413739384,0,1.27,0.0000,0.0,0.00
1765413739.425920,2,729,656,1765413739425,1765413739425,0,1.26,0.0000,0.0,0.00
1765413739.468783,2,730,657,1765413739468,1765413739468,0,1.22,0.0000,0.0,0.00
1765413739.510756,2,731,658,1765413739510,1765413739510,0,1.20,0.0000,0.0,0.00
1765413739.552840,2,732,659,1765413739552,1765413739552,0,1.18,0.0000,0.0,0.00
1765413739.597501,2,733,660,1765413739594,1765413739597,3,1.22,0.0000,0.0,0.00
1765413739.636643,2,734,661,1765413739636,1765413739636,0,1.26,0.0000,0.0,0.00
1765413739.682458,2,735,662,1765413739678,1765413739681,3,1.30,0.0000,0.0,0.00
1765413739.720251,2,736,663,1765413739720,1765413739720,0,1.33,0.0000,0.0,0.00
1765413739.764417,2,737,664,1765413739763,1765413739764,1,1.31,0.0000,0.0,0.00
1765413739.805409,2,738,666,1765413739805,1765413739805,0,1.29,0.0000,0.0,0.00
1765413739.847421,2,739,667,1765413739847,1765413739847,0,1.20,0.0000,0.0,0.00
1765413739.890552,2,740,668,1765413739890,1765413739890,0,1.19,0.0000,0.0,0.00
1765413739.932894,2,741,669,1765413739932,1765413739932,0,1.17,0.0000,0.0,0.00
1765413739.974573,2,742,670,1765413739974,1765413739974,0,1.17,0.0000,0.0,0.00
1765413740.016157,2,743,671,1765413740016,1765413740016,0,1.17,0.0000,0.0,0.00
1765413740.058542,2,744,672,1765413740058,1765413740058,0,1.15,0.0000,0.0,0.00
1765413740.100333,2,745,673,1765413740100,1765413740100,0,1.15,0.0000,0.0,0.00
1765413740.145732,2,746,674,1765413740142,1765413740145,3,1.15,0.0000,0.0,0.00
1765413740.184367,2,747,675,1765413740184,1765413740184,0,1.17,0.0000,0.0,0.00
1765413740.229019,2,748,676,1765413740227,1765413740229,2,1.22,0.0000,0.0,0.00
1765413740.269955,2,749,677,1765413740268,1765413740268,0,1.23,0.0000,0.0,0.00
1765413740.311283,2,750,678,1765413740311,1765413740311,0,1.26,0.0000,0.0,0.00
1765413740.357509,2,751,679,1765413740354,1765413740357,3,1.34,0.0000,0.0,0.00
1765413740.395993,2,752,680,1765413740395,1765413740395,0,1.39,0.0000,0.0,0.00
1765413740.438928,2,753,681,1765413740438,1765413740438,0,1.36,0.0000,0.0,0.00
1765413740.481949,2,754,682,1765413740481,1765413740481,0,1.33,0.0000,0.0,0.00
1765413740.523567,2,755,683,1765413740523,1765413740523,0,1.27,0.0000,0.0,0.00
1765413740.566205,2,756,684,1765413740565,1765413740566,1,1.26,0.0000,0.0,0.00
1765413740.609867,2,757,685,1765413740607,1765413740609,2,1.26,0.0000,0.0,0.00
1765413740.649172,2,758,686,1765413740649,1765413740649,0,1.28,0.0000,0.0,0.00
1765413740.692569,2,759,687,1765413740691,1765413740692,1,1.30,0.0000,0.0,0.00
1765413740.733566,2,760,688,1765413740733,1765413740733,0,1.29,0.0000,0.0,0.00
1765413740.776175,2,761,689,1765413740775,1765413740775,0,1.29,0.0000,0.0,0.00
1765413740.818007,2,762,690,1765413740818,1765413740818,0,1.30,0.0000,0.0,0.00
1765413740.859679,2,763,691,1765413740859,1765413740859,0,1.31,0.0000,0.0,0.00
1765413740.901407,2,764,692,1765413740901,1765413740901,0,1.31,0.0000,0.0,0.00
1765413740.943691,2,765,693,1765413740943,1765413740943,0,1.22,0.0000,0.0,0.00
1765413740.987708,2,766,694,1765413740985,1765413740987,2,1.26,0.0000,0.0,0.00
1765413741.028749,2,767,695,1765413741027,1765413741027,0,1.25,0.0000,0.0,0.00
1765413741.071899,2,768,696,1765413741069,1765413741071,2,1.26,0.0000,0.0,0.00
1765413741.112618,2,769,698,1765413741112,1765413741112,0,1.27,0.0000,0.0,0.00
1765413741.154426,2,770,699,1765413741154,1765413741154,0,1.27,0.0000,0.0,0.00
1765413741.196308,2,771,700,1765413741196,1765413741196,0,1.26,0.0000,0.0,0.00
1765413741.230013,2,772,701,1765413741230,1765413741230,0,1.35,0.0000,0.0,0.00
1765413741.272480,2,773,702,1765413741271,1765413741271,0,1.37,0.0000,0.0,0.00
1765413741.316751,2,774,703,1765413741313,1765413741316,3,1.43,0.0000,0.0,0.00
1765413741.356121,2,775,704,1765413741356,1765413741356,0,1.45,0.0000,0.0,0.00
1765413741.400410,2,776,705,1765413741398,1765413741400,2,1.42,0.0000,0.0,0.00
1765413741.440553,2,777,706,1765413741440,1765413741440,0,1.39,0.0000,0.0,0.00
1765413741.483575,2,778,707,1765413741481,1765413741483,2,1.36,0.0000,0.0,0.00
1765413741.525050,2,779,708,1765413741524,1765413741524,0,1.33,0.0000,0.0,0.00
1765413741.566627,2,780,709,1765413741566,1765413741566,0,1.33,0.0000,0.0,0.00
1765413741.609010,2,781,710,1765413741609,1765413741609,0,1.33,0.0000,0.0,0.00
1765413741.650948,2,782,711,1765413741650,1765413741650,0,1.36,0.0000,0.0,0.00
1765413741.692883,2,783,712,1765413741692,1765413741692,0,1.36,0.0000,0.0,0.00
1765413741.734581,2,784,713,1765413741734,1765413741734,0,1.36,0.0000,0.0,0.00
1765413741.780074,2,785,714,1765413741776,1765413741779,3,1.39,0.0000,0.0,0.00
1765413741.818503,2,786,716,1765413741818,1765413741818,0,1.42,0.0000,0.0,0.00
1765413741.862347,2,787,717,1765413741860,1765413741862,2,1.43,0.0000,0.0,0.00
1765413741.903778,2,788,719,1765413741902,1765413741902,0,1.48,0.0000,0.0,0.00
1765413741.944990,2,789,720,1765413741944,1765413741944,0,1.46,0.0000,0.0,0.00
1765413741.988202,2,790,721,1765413741987,1765413741987,0,1.46,0.0000,0.0,0.00
1765413742.029503,2,791,722,1765413742029,1765413742029,0,1.46,0.0000,0.0,0.00
1765413742.071825,2,792,723,1765413742071,1765413742071,0,1.46,0.0000,0.0,0.00
1765413742.113493,2,793,724,1765413742113,1765413742113,0,1.42,0.0000,0.0,0.00
1765413742.159724,2,794,725,1765413742155,1765413742159,4,1.43,0.0000,0.0,0.00
1765413742.198162,2,795,726,1765413742197,1765413742197,0,1.46,0.0000,0.0,0.00
1765413742.241867,2,796,727,1765413742239,1765413742241,2,1.42,0.0000,0.0,0.00
1765413742.281682,2,797,728,1765413742281,1765413742281,0,1.43,0.0000,0.0,0.00
1765413742.327579,2,798,729,1765413742324,1765413742327,3,1.47,0.0000,0.0,0.00
1765413742.366530,2,799,730,1765413742366,1765413742366,0,1.52,0.0000,0.0,0.00
1765413742.411493,2,800,731,1765413742408,1765413742411,3,1.55,0.0000,0.0,0.00
1765413742.451258,2,801,732,1765413742451,1765413742451,0,1.59,0.0000,0.0,0.00
1765413742.495684,2,802,733,1765413742493,1765413742495,2,1.62,0.0000,0.0,0.00
1765413742.536089,2,803,734,1765413742536,1765413742536,0,1.63,0.0000,0.0,0.00
1765413742.578177,2,804,735,1765413742578,1765413742578,0,1.63,0.0000,0.0,0.00
1765413742.630712,2,805,736,1765413742630,1765413742630,0,1.83,0.0000,0.0,0.00
1765413742.672838,2,806,737,1765413742672,1765413742672,0,1.77,0.0000,0.0,0.00
1765413742.714558,2,807,738,1765413742714,1765413742714,0,1.73,0.0000,0.0,0.00
1765413742.756871,2,808,739,1765413742756,1765413742756,0,1.68,0.0000,0.0,0.00
1765413742.799276,2,809,740,1765413742798,1765413742798,0,1.64,0.0000,0.0,0.00
1765413742.843887,2,810,741,1765413742840,1765413742843,3,1.68,0.0000,0.0,0.00
1765413742.883413,2,811,742,1765413742882,1765413742882,0,1.64,0.0000,0.0,0.00
1765413742.928324,2,812,743,1765413742925,1765413742928,3,1.67,0.0000,0.0,0.00
1765413742.967556,2,813,744,1765413742967,1765413742967,0,1.69,0.0000,0.0,0.00
1765413743.010195,2,814,745,1765413743010,1765413743010,0,1.69,0.0000,0.0,0.00
1765413743.052196,2,815,746,1765413743052,1765413743052,0,1.69,0.0000,0.0,0.00
1765413743.094364,2,816,747,1765413743093,1765413743093,0,1.69,0.0000,0.0,0.00
1765413743.135752,2,817,748,1765413743135,1765413743135,0,1.67,0.0000,0.0,0.00
1765413743.179461,2,818,749,1765413743179,1765413743179,0,1.68,0.0000,0.0,0.00
1765413743.221421,2,819,750,1765413743221,1765413743221,0,1.67,0.0000,0.0,0.00
1765413743.263342,2,820,751,1765413743263,1765413743263,0,1.66,0.0000,0.0,0.00
1765413743.304983,2,821,752,1765413743304,1765413743304,0,1.67,0.0000,0.0,0.00
1765413743.347705,2,822,753,1765413743347,1765413743347,0,1.67,0.0000,0.0,0.00
1765413743.393350,2,823,754,1765413743389,1765413743393,4,1.74,0.0000,0.0,0.00
1765413743.432413,2,824,755,1765413743431,1765413743431,0,1.78,0.0000,0.0,0.00
1765413743.474972,2,825,757,1765413743473,1765413743474,1,1.80,0.0000,0.0,0.00
1765413743.517889,2,826,758,1765413743516,1765413743516,0,1.76,0.0000,0.0,0.00
1765413743.560210,2,827,759,1765413743560,1765413743560,0,1.77,0.0000,0.0,0.00
1765413743.604264,2,828,760,1765413743603,1765413743604,1,1.77,0.0000,0.0,0.00
1765413743.645861,2,829,761,1765413743645,1765413743645,0,1.77,0.0000,0.0,0.00
1765413743.688048,2,830,762,1765413743688,1765413743688,0,1.79,0.0000,0.0,0.00
1765413743.729649,2,831,763,1765413743729,1765413743729,0,1.80,0.0000,0.0,0.00
1765413743.772241,2,832,764,1765413743772,1765413743772,0,1.71,0.0000,0.0,0.00
1765413743.814364,2,833,766,1765413743814,1765413743814,0,1.69,0.0000,0.0,0.00
1765413743.857644,2,834,767,1765413743857,1765413743857,0,1.65,0.0000,0.0,0.00
1765413743.899197,2,835,768,1765413743899,1765413743899,0,1.63,0.0000,0.0,0.00
1765413743.944800,2,836,769,1765413743942,1765413743944,2,1.65,0.0000,0.0,0.00
1765413743.984180,2,837,770,1765413743984,1765413743984,0,1.65,0.0000,0.0,0.00
1765413744.026117,2,838,771,1765413744026,1765413744026,0,1.64,0.0000,0.0,0.00
1765413744.068336,2,839,772,1765413744068,1765413744068,0,1.63,0.0000,0.0,0.00
1765413744.111249,2,840,773,1765413744111,1765413744111,0,1.63,0.0000,0.0,0.00
1765413744.153953,2,841,774,1765413744153,1765413744153,0,1.63,0.0000,0.0,0.00
1765413744.196385,2,842,775,1765413744196,1765413744196,0,1.62,0.0000,0.0,0.00
1765413744.238523,2,843,776,1765413744238,1765413744238,0,1.62,0.0000,0.0,0.00
1765413744.280288,2,844,777,1765413744280,1765413744280,0,1.62,0.0000,0.0,0.00
1765413744.326002,2,845,778,1765413744322,1765413744326,4,1.64,0.0000,0.0,0.00
1765413744.364373,2,846,779,1765413744364,1765413744364,0,1.65,0.0000,0.0,0.00
1765413744.407942,2,847,780,1765413744406,1765413744407,1,1.63,0.0000,0.0,0.00
1765413744.448889,2,848,781,1765413744448,1765413744448,0,1.62,0.0000,0.0,0.00
1765413744.493799,2,849,782,1765413744490,1765413744492,2,1.64,0.0000,0.0,0.00
1765413744.532465,2,850,783,1765413744532,1765413744532,0,1.67,0.0000,0.0,0.00
1765413744.575257,2,851,784,1765413744574,1765413744575,1,1.67,0.0000,0.0,0.00
1765413744.616163,2,852,785,1765413744615,1765413744615,0,1.70,0.0000,0.0,0.00
1765413744.659192,2,853,786,1765413744658,1765413744659,1,1.72,0.0000,0.0,0.00
1765413744.699390,2,854,787,1765413744699,1765413744699,0,1.69,0.0000,0.0,0.00
1765413744.741688,2,855,788,1765413744741,1765413744741,0,1.63,0.0000,0.0,0.00
1765413744.785173,2,856,789,1765413744784,1765413744785,1,1.63,0.0000,0.0,0.00
1765413744.826015,2,857,790,1765413744826,1765413744826,0,1.62,0.0000,0.0,0.00
1765413744.868677,2,858,791,1765413744868,1765413744868,0,1.55,0.0000,0.0,0.00
1765413744.911345,2,859,793,1765413744911,1765413744911,0,1.52,0.0000,0.0,0.00
1765413744.958664,2,860,794,1765413744953,1765413744957,4,1.54,0.0000,0.0,0.00
1765413744.995259,2,861,795,1765413744995,1765413744995,0,1.57,0.0000,0.0,0.00
1765413745.036680,2,862,796,1765413745036,1765413745036,0,1.55,0.0000,0.0,0.00
1765413745.079119,2,863,797,1765413745079,1765413745079,0,1.55,0.0000,0.0,0.00
1765413745.125356,2,864,798,1765413745120,1765413745125,5,1.61,0.0000,0.0,0.00
1765413745.163832,2,865,799,1765413745163,1765413745163,0,1.49,0.0000,0.0,0.00
1765413745.206127,2,866,800,1765413745205,1765413745206,1,1.50,0.0000,0.0,0.00
1765413745.247632,2,867,801,1765413745247,1765413745247,0,1.51,0.0000,0.0,0.00
1765413745.290560,2,868,802,1765413745290,1765413745290,0,1.52,0.0000,0.0,0.00
1765413745.332833,2,869,803,1765413745332,1765413745332,0,1.52,0.0000,0.0,0.00
1765413745.375280,2,870,804,1765413745375,1765413745375,0,1.49,0.0000,0.0,0.00
1765413745.416439,2,871,805,1765413745416,1765413745416,0,1.46,0.0000,0.0,0.00
1765413745.458606,2,872,806,1765413745458,1765413745458,0,1.39,0.0000,0.0,0.00
1765413745.500427,2,873,807,1765413745500,1765413745500,0,1.35,0.0000,0.0,0.00
1765413745.542600,2,874,808,1765413745542,1765413745542,0,1.33,0.0000,0.0,0.00
1765413745.585213,2,875,809,1765413745585,1765413745585,0,1.35,0.0000,0.0,0.00
1765413745.627157,2,876,810,1765413745627,1765413745627,0,1.33,0.0000,0.0,0.00
1765413745.672107,2,877,811,1765413745670,1765413745672,2,1.38,0.0000,0.0,0.00
1765413745.713109,2,878,812,1765413745712,1765413745713,1,1.36,0.0000,0.0,0.00
1765413745.755910,2,879,813,1765413745755,1765413745755,0,1.36,0.0000,0.0,0.00
1765413745.798222,2,880,814,1765413745798,1765413745798,0,1.38,0.0000,0.0,0.00
1765413745.840198,2,881,816,1765413745840,1765413745840,0,1.36,0.0000,0.0,0.00
1765413745.881369,2,882,817,1765413745881,1765413745881,0,1.36,0.0000,0.0,0.00
1765413745.922586,2,883,818,1765413745922,1765413745922,0,1.31,0.0000,0.0,0.00
1765413745.964237,2,884,819,1765413745964,1765413745964,0,1.25,0.0000,0.0,0.00
1765413746.006513,2,885,820,1765413746005,1765413746006,1,1.24,0.0000,0.0,0.00
1765413746.048010,2,886,821,1765413746048,1765413746048,0,1.24,0.0000,0.0,0.00
1765413746.090215,2,887,822,1765413746090,1765413746090,0,1.21,0.0000,0.0,0.00
1765413746.132830,2,888,823,1765413746132,1765413746132,0,1.17,0.0000,0.0,0.00
1765413746.175985,2,889,824,1765413746175,1765413746175,0,1.17,0.0000,0.0,0.00
1765413746.217072,2,890,825,1765413746217,1765413746217,0,1.16,0.0000,0.0,0.00
1765413746.259942,2,891,826,1765413746259,1765413746259,0,1.14,0.0000,0.0,0.00
1765413746.302438,2,892,827,1765413746300,1765413746302,2,1.14,0.0000,0.0,0.00
1765413746.343228,2,893,828,1765413746343,1765413746343,0,1.16,0.0000,0.0,0.00
1765413746.385398,2,894,829,1765413746384,1765413746385,1,1.14,0.0000,0.0,0.00
1765413746.428773,2,895,830,1765413746428,1765413746428,0,1.16,0.0000,0.0,0.00
1765413746.471828,2,896,831,1765413746471,1765413746471,0,1.11,0.0000,0.0,0.00
1765413746.513743,2,897,833,1765413746513,1765413746513,0,1.09,0.0000,0.0,0.00
1765413746.556069,2,898,834,1765413746556,1765413746556,0,1.11,0.0000,0.0,0.00
1765413746.600462,2,899,835,1765413746597,1765413746600,3,1.14,0.0000,0.0,0.00
1765413746.639560,2,900,836,1765413746639,1765413746639,0,1.16,0.0000,0.0,0.00
1765413746.682699,2,901,837,1765413746681,1765413746682,1,1.18,0.0000,0.0,0.00
1765413746.723323,2,902,838,1765413746723,1765413746723,0,1.18,0.0000,0.0,0.00
1765413746.766641,2,903,839,1765413746765,1765413746766,1,1.19,0.0000,0.0,0.00
1765413746.904989,2,904,840,1765413746904,1765413746904,0,3.45,0.0000,0.0,0.00
1765413746.948755,2,905,841,1765413746943,1765413746948,5,3.39,0.0000,0.0,0.00
1765413746.986185,2,906,842,1765413746986,1765413746986,0,3.39,0.0000,0.0,0.00
1765413747.030107,2,907,843,1765413747028,1765413747029,1,3.39,0.0000,0.0,0.00
1765413747.071845,2,908,844,1765413747071,1765413747071,0,3.39,0.0000,0.0,0.00
1765413747.114065,2,909,845,1765413747113,1765413747114,1,3.38,0.0000,0.0,0.00
1765413747.160247,2,910,846,1765413747156,1765413747160,4,3.43,0.0000,0.0,0.00
1765413747.198417,2,911,847,1765413747198,1765413747198,0,3.45,0.0000,0.0,0.00
1765413747.240365,2,912,848,1765413747240,1765413747240,0,3.44,0.0000,0.0,0.00
1765413747.282774,2,913,849,1765413747282,1765413747282,0,3.44,0.0000,0.0,0.00
1765413747.325168,2,914,850,1765413747325,1765413747325,0,3.43,0.0000,0.0,0.00
1765413747.367865,2,915,851,1765413747366,1765413747366,0,3.43,0.0000,0.0,0.00
1765413747.409042,2,916,852,1765413747409,1765413747409,0,3.43,0.0000,0.0,0.00
1765413747.453207,2,917,853,1765413747452,1765413747453,1,3.42,0.0000,0.0,0.00
1765413747.496087,2,918,854,1765413747495,1765413747496,1,3.42,0.0000,0.0,0.00
1765413747.529130,2,919,855,1765413747529,1765413747529,0,3.46,0.0000,0.0,0.00
1765413747.576275,2,920,856,1765413747572,1765413747576,4,3.49,0.0000,0.0,0.00
1765413747.614390,2,921,857,1765413747613,1765413747613,0,3.50,0.0000,0.0,0.00
1765413747.658536,2,922,858,1765413747655,1765413747658,3,3.52,0.0000,0.0,0.00
1765413747.699198,2,923,859,1765413747699,1765413747699,0,3.53,0.0000,0.0,0.00
1765413747.742394,2,924,860,1765413747742,1765413747742,0,3.47,0.0000,0.0,0.00
1765413747.788381,2,925,861,1765413747784,1765413747788,4,3.51,0.0000,0.0,0.00
1765413747.826646,2,926,862,1765413747826,1765413747826,0,3.53,0.0000,0.0,0.00
1765413747.871929,2,927,864,1765413747869,1765413747870,1,3.53,0.0000,0.0,0.00
1765413747.913599,2,928,866,1765413747913,1765413747913,0,3.53,0.0000,0.0,0.00
1765413747.956062,2,929,867,1765413747955,1765413747955,0,3.53,0.0000,0.0,0.00
1765413747.998073,2,930,868,1765413747998,1765413747998,0,3.53,0.0000,0.0,0.00
1765413748.040905,2,931,869,1765413748040,1765413748040,0,3.52,0.0000,0.0,0.00
1765413748.082914,2,932,870,1765413748082,1765413748082,0,3.52,0.0000,0.0,0.00
1765413748.125049,2,933,871,1765413748125,1765413748125,0,3.52,0.0000,0.0,0.00
1765413748.168409,2,934,872,1765413748167,1765413748168,1,3.51,0.0000,0.0,0.00
1765413748.209676,2,935,873,1765413748209,1765413748209,0,3.52,0.0000,0.0,0.00
1765413748.252528,2,936,874,1765413748252,1765413748252,0,3.52,0.0000,0.0,0.00
1765413748.295092,2,937,875,1765413748295,1765413748295,0,3.49,0.0000,0.0,0.00
1765413748.336982,2,938,876,1765413748336,1765413748336,0,3.49,0.0000,0.0,0.00
1765413748.381265,2,939,877,1765413748379,1765413748381,2,3.51,0.0000,0.0,0.00
1765413748.421420,2,940,878,1765413748421,1765413748421,0,3.53,0.0000,0.0,0.00
1765413748.463922,2,941,879,1765413748463,1765413748463,0,3.53,0.0000,0.0,0.00
1765413748.505343,2,942,880,1765413748505,1765413748505,0,3.52,0.0000,0.0,0.00
1765413748.547170,2,943,881,1765413748547,1765413748547,0,3.52,0.0000,0.0,0.00
1765413748.590034,2,944,882,1765413748589,1765413748589,0,3.52,0.0000,0.0,0.00
1765413748.631681,2,945,883,1765413748631,1765413748631,0,3.52,0.0000,0.0,0.00
1765413748.674250,2,946,884,1765413748674,1765413748674,0,3.51,0.0000,0.0,0.00
1765413748.716201,2,947,885,1765413748716,1765413748716,0,3.51,0.0000,0.0,0.00
1765413748.762207,2,948,887,1765413748758,1765413748762,4,3.56,0.0000,0.0,0.00
1765413748.795035,2,949,888,1765413748792,1765413748795,3,3.62,0.0000,0.0,0.00
1765413748.834469,2,950,889,1765413748834,1765413748834,0,3.64,0.0000,0.0,0.00
1765413748.876808,2,951,890,1765413748876,1765413748876,0,3.64,0.0000,0.0,0.00
1765413748.918720,2,952,891,1765413748918,1765413748918,0,3.65,0.0000,0.0,0.00
1765413748.960981,2,953,892,1765413748960,1765413748960,0,3.64,0.0000,0.0,0.00
1765413749.003720,2,954,893,1765413749003,1765413749003,0,3.63,0.0000,0.0,0.00
1765413749.045576,2,955,894,1765413749045,1765413749045,0,3.64,0.0000,0.0,0.00
1765413749.091284,2,956,895,1765413749087,1765413749091,4,3.70,0.0000,0.0,0.00
1765413749.130023,2,957,896,1765413749130,1765413749130,0,3.72,0.0000,0.0,0.00
1765413749.174193,2,958,897,1765413749172,1765413749173,1,3.72,0.0000,0.0,0.00
1765413749.214363,2,959,898,1765413749214,1765413749214,0,3.73,0.0000,0.0,0.00
1765413749.260483,2,960,899,1765413749256,1765413749259,3,3.73,0.0000,0.0,0.00
1765413749.298398,2,961,900,1765413749298,1765413749298,0,3.76,0.0000,0.0,0.00
1765413749.344461,2,962,901,1765413749341,1765413749343,2,3.78,0.0000,0.0,0.00
1765413749.384129,2,963,902,1765413749383,1765413749383,0,3.80,0.0000,0.0,0.00
1765413749.427768,2,964,903,1765413749425,1765413749427,2,1.82,0.0000,0.0,0.00
1765413749.467352,2,965,904,1765413749467,1765413749467,0,1.82,0.0000,0.0,0.00
1765413749.508887,2,966,905,1765413749508,1765413749508,0,1.77,0.0000,0.0,0.00
1765413749.550867,2,967,906,1765413749550,1765413749550,0,1.75,0.0000,0.0,0.00
1765413749.592674,2,968,907,1765413749592,1765413749592,0,1.75,0.0000,0.0,0.00
1765413749.634534,2,969,908,1765413749634,1765413749634,0,1.73,0.0000,0.0,0.00
1765413749.676660,2,970,909,1765413749676,1765413749676,0,1.70,0.0000,0.0,0.00
1765413749.719236,2,971,910,1765413749719,1765413749719,0,1.62,0.0000,0.0,0.00
1765413749.762495,2,972,911,1765413749762,1765413749762,0,1.64,0.0000,0.0,0.00
1765413749.806848,2,973,912,1765413749804,1765413749806,2,1.67,0.0000,0.0,0.00
1765413749.846625,2,974,914,1765413749846,1765413749846,0,1.69,0.0000,0.0,0.00
1765413749.889089,2,975,915,1765413749888,1765413749888,0,1.67,0.0000,0.0,0.00
1765413749.930553,2,976,916,1765413749930,1765413749930,0,1.65,0.0000,0.0,0.00
1765413749.973277,2,977,917,1765413749972,1765413749972,0,1.62,0.0000,0.0,0.00
1765413750.014672,2,978,918,1765413750014,1765413750014,0,1.62,0.0000,0.0,0.00
1765413750.056919,2,979,919,1765413750056,1765413750056,0,1.48,0.0000,0.0,0.00
1765413750.098926,2,980,920,1765413750098,1765413750098,0,1.38,0.0000,0.0,0.00
1765413750.140720,2,981,921,1765413750140,1765413750140,0,1.31,0.0000,0.0,0.00
1765413750.182257,2,982,922,1765413750182,1765413750182,0,1.25,0.0000,0.0,0.00
1765413750.224229,2,983,923,1765413750224,1765413750224,0,1.24,0.0000,0.0,0.00
1765413750.269806,2,984,924,1765413750266,1765413750269,3,1.29,0.0000,0.0,0.00
1765413750.309492,2,985,925,1765413750308,1765413750308,0,1.23,0.0000,0.0,0.00
1765413750.352898,2,986,926,1765413750350,1765413750352,2,1.23,0.0000,0.0,0.00
1765413750.393508,2,987,927,1765413750393,1765413750393,0,1.20,0.0000,0.0,0.00
1765413750.435406,2,988,928,1765413750435,1765413750435,0,1.18,0.0000,0.0,0.00
1765413750.477599,2,989,929,1765413750477,1765413750477,0,1.18,0.0000,0.0,0.00
1765413750.519355,2,990,930,1765413750519,1765413750519,0,1.16,0.0000,0.0,0.00
1765413750.561467,2,991,931,1765413750561,1765413750561,0,1.16,0.0000,0.0,0.00
1765413750.603577,2,992,932,1765413750603,1765413750603,0,1.16,0.0000,0.0,0.00
1765413750.646570,2,993,933,1765413750646,1765413750646,0,1.16,0.0000,0.0,0.00
1765413750.689162,2,994,934,1765413750688,1765413750688,0,1.13,0.0000,0.0,0.00
1765413750.733612,2,995,935,1765413750731,1765413750733,2,1.19,0.0000,0.0,0.00
1765413750.774668,2,996,936,1765413750774,1765413750774,0,1.18,0.0000,0.0,0.00
1765413750.815822,2,997,937,1765413750815,1765413750815,0,1.17,0.0000,0.0,0.00
1765413750.858527,2,998,938,1765413750858,1765413750858,0,1.18,0.0000,0.0,0.00
1765413750.899711,2,999,939,1765413750899,1765413750899,0,1.15,0.0000,0.0,0.00
1765413750.942625,2,1000,941,1765413750942,1765413750942,0,1.12,0.0000,0.0,0.00
1765413750.985167,2,1001,942,1765413750984,1765413750984,0,1.12,0.0000,0.0,0.00
1765413751.026740,2,1002,943,1765413751026,1765413751026,0,1.12,0.0000,0.0,0.00
1765413751.068652,2,1003,944,1765413751068,1765413751068,0,1.12,0.0000,0.0,0.00
1765413751.110685,2,1004,945,1765413751110,1765413751110,0,1.12,0.0000,0.0,0.00
1765413751.153006,2,1005,946,1765413751153,1765413751153,0,1.15,0.0000,0.0,0.00
1765413751.199745,2,1006,948,1765413751195,1765413751199,4,1.22,0.0000,0.0,0.00
1765413751.237477,2,1007,949,1765413751237,1765413751237,0,1.26,0.0000,0.0,0.00
1765413751.283277,2,1008,950,1765413751279,1765413751283,4,1.26,0.0000,0.0,0.00
1765413751.322604,2,1009,951,1765413751322,1765413751322,0,1.20,0.0000,0.0,0.00
1765413751.366483,2,1010,952,1765413751364,1765413751364,0,1.17,0.0000,0.0,0.00
1765413751.406192,2,1011,953,1765413751406,1765413751406,0,1.17,0.0000,0.0,0.00
1765413751.450669,2,1012,954,1765413751448,1765413751450,2,1.21,0.0000,0.0,0.00
1765413751.491159,2,1013,955,1765413751490,1765413751491,1,1.22,0.0000,0.0,0.00
1765413751.536396,2,1014,956,1765413751533,1765413751536,3,1.26,0.0000,0.0,0.00
1765413751.575781,2,1015,957,1765413751575,1765413751575,0,1.29,0.0000,0.0,0.00
1765413751.617763,2,1016,958,1765413751617,1765413751617,0,1.21,0.0000,0.0,0.00
1765413751.665053,2,1017,959,1765413751661,1765413751665,4,1.31,0.0000,0.0,0.00
1765413751.704214,2,1018,960,1765413751704,1765413751704,0,1.32,0.0000,0.0,0.00
1765413751.747772,2,1019,961,1765413751746,1765413751746,0,1.31,0.0000,0.0,0.00
1765413751.795594,2,1020,962,1765413751790,1765413751794,4,1.38,0.0000,0.0,0.00
1765413751.834283,2,1021,964,1765413751833,1765413751833,0,1.38,0.0000,0.0,0.00
1765413751.878605,2,1022,966,1765413751876,1765413751878,2,1.38,0.0000,0.0,0.00
1765413751.917284,2,1023,967,1765413751917,1765413751917,0,1.39,0.0000,0.0,0.00
1765413751.959382,2,1024,968,1765413751959,1765413751959,0,1.35,0.0000,0.0,0.00
1765413752.002112,2,1025,969,1765413752002,1765413752002,0,1.35,0.0000,0.0,0.00
1765413752.044778,2,1026,970,1765413752044,1765413752044,0,1.34,0.0000,0.0,0.00
1765413752.087147,2,1027,971,1765413752087,1765413752087,0,1.35,0.0000,0.0,0.00
1765413752.129083,2,1028,972,1765413752129,1765413752129,0,1.35,0.0000,0.0,0.00
1765413752.171845,2,1029,973,1765413752171,1765413752171,0,1.35,0.0000,0.0,0.00
1765413752.214131,2,1030,974,1765413752213,1765413752213,0,1.35,0.0000,0.0,0.00
1765413752.260139,2,1031,975,1765413752255,1765413752260,5,1.45,0.0000,0.0,0.00
1765413752.297701,2,1032,976,1765413752297,1765413752297,0,1.48,0.0000,0.0,0.00
1765413752.341220,2,1033,977,1765413752339,1765413752340,1,1.46,0.0000,0.0,0.00
1765413752.381274,2,1034,978,1765413752381,1765413752381,0,1.45,0.0000,0.0,0.00
1765413752.425380,2,1035,979,1765413752424,1765413752425,1,1.49,0.0000,0.0,0.00
1765413752.465892,2,1036,980,1765413752465,1765413752465,0,1.51,0.0000,0.0,0.00
1765413752.509243,2,1037,981,1765413752509,1765413752509,0,1.54,0.0000,0.0,0.00
1765413752.551226,2,1038,982,1765413752551,1765413752551,0,1.54,0.0000,0.0,0.00
1765413752.593430,2,1039,983,1765413752593,1765413752593,0,1.54,0.0000,0.0,0.00
1765413752.634726,2,1040,984,1765413752634,1765413752634,0,1.56,0.0000,0.0,0.00
1765413752.677433,2,1041,985,1765413752677,1765413752677,0,1.57,0.0000,0.0,0.00
1765413752.721579,2,1042,986,1765413752720,1765413752720,0,1.58,0.0000,0.0,0.00
1765413752.762578,2,1043,987,1765413752762,1765413752762,0,1.58,0.0000,0.0,0.00
1765413752.806155,2,1044,988,1765413752805,1765413752805,0,1.54,0.0000,0.0,0.00
1765413752.846572,2,1045,989,1765413752846,1765413752846,0,1.51,0.0000,0.0,0.00
1765413752.888633,2,1046,990,1765413752888,1765413752888,0,1.48,0.0000,0.0,0.00
1765413752.931726,2,1047,991,1765413752931,1765413752931,0,1.48,0.0000,0.0,0.00
1765413752.973828,2,1048,992,1765413752973,1765413752973,0,1.48,0.0000,0.0,0.00
1765413753.017862,2,1049,993,1765413753016,1765413753017,1,1.51,0.0000,0.0,0.00
1765413753.057591,2,1050,994,1765413753057,1765413753057,0,1.54,0.0000,0.0,0.00
1765413753.100131,2,1051,995,1765413753099,1765413753100,1,1.55,0.0000,0.0,0.00
1765413753.141532,2,1052,996,1765413753141,1765413753141,0,1.56,0.0000,0.0,0.00
1765413753.183411,2,1053,997,1765413753183,1765413753183,0,1.55,0.0000,0.0,0.00
1765413753.225539,2,1054,998,1765413753225,1765413753225,0,1.55,0.0000,0.0,0.00
1765413753.267067,2,1055,999,1765413753267,1765413753267,0,1.50,0.0000,0.0,0.00
1765413753.308848,2,1056,1000,1765413753308,1765413753308,0,1.50,0.0000,0.0,0.00
1765413753.350720,2,1057,1001,1765413753350,1765413753350,0,1.48,0.0000,0.0,0.00
1765413753.392874,2,1058,1002,1765413753392,1765413753392,0,1.47,0.0000,0.0,0.00
1765413753.434357,2,1059,1003,1765413753434,1765413753434,0,1.46,0.0000,0.0,0.00
1765413753.476278,2,1060,1004,1765413753476,1765413753476,0,1.44,0.0000,0.0,0.00
1765413753.518902,2,1061,1005,1765413753518,1765413753518,0,1.44,0.0000,0.0,0.00
1765413753.563038,2,1062,1006,1765413753561,1765413753563,2,1.50,0.0000,0.0,0.00
1765413753.602998,2,1063,1007,1765413753602,1765413753602,0,1.54,0.0000,0.0,0.00
1765413753.645956,2,1064,1008,1765413753645,1765413753645,0,1.55,0.0000,0.0,0.00
1765413753.687790,2,1065,1009,1765413753687,1765413753687,0,1.54,0.0000,0.0,0.00
1765413753.731725,2,1066,1010,1765413753730,1765413753730,0,1.47,0.0000,0.0,0.00
1765413753.775299,2,1067,1011,1765413753773,1765413753775,2,1.48,0.0000,0.0,0.00
1765413753.815778,2,1068,1012,1765413753815,1765413753815,0,1.43,0.0000,0.0,0.00
1765413753.859440,2,1069,1014,1765413753857,1765413753859,2,1.43,0.0000,0.0,0.00
1765413753.899941,2,1070,1015,1765413753899,1765413753899,0,1.45,0.0000,0.0,0.00
1765413753.943344,2,1071,1017,1765413753943,1765413753943,0,1.48,0.0000,0.0,0.00
1765413753.985211,2,1072,1018,1765413753984,1765413753984,0,1.46,0.0000,0.0,0.00
1765413754.027523,2,1073,1019,1765413754027,1765413754027,0,1.46,0.0000,0.0,0.00
1765413754.070446,2,1074,1020,1765413754069,1765413754069,0,1.41,0.0000,0.0,0.00
1765413754.111947,2,1075,1021,1765413754111,1765413754111,0,1.37,0.0000,0.0,0.00
1765413754.154048,2,1076,1022,1765413754154,1765413754154,0,1.38,0.0000,0.0,0.00
1765413754.196875,2,1077,1024,1765413754196,1765413754196,0,1.27,0.0000,0.0,0.00
1765413754.242055,2,1078,1025,1765413754238,1765413754241,3,1.28,0.0000,0.0,0.00
1765413754.280865,2,1079,1026,1765413754280,1765413754280,0,1.32,0.0000,0.0,0.00
1765413754.324970,2,1080,1027,1765413754322,1765413754324,2,1.24,0.0000,0.0,0.00
1765413754.365309,2,1081,1028,1765413754364,1765413754364,0,1.23,0.0000,0.0,0.00
1765413754.409983,2,1082,1029,1765413754406,1765413754409,3,1.23,0.0000,0.0,0.00
1765413754.449571,2,1083,1030,1765413754449,1765413754449,0,1.21,0.0000,0.0,0.00
1765413754.491972,2,1084,1031,1765413754491,1765413754491,0,1.21,0.0000,0.0,0.00
1765413754.536767,2,1085,1032,1765413754533,1765413754536,3,1.25,0.0000,0.0,0.00
1765413754.576561,2,1086,1033,1765413754576,1765413754576,0,1.28,0.0000,0.0,0.00
1765413754.621519,2,1087,1034,1765413754618,1765413754620,2,1.30,0.0000,0.0,0.00
1765413754.659584,2,1088,1035,1765413754659,1765413754659,0,1.34,0.0000,0.0,0.00
1765413754.721622,2,1089,1036,1765413754721,1765413754721,0,1.73,0.0000,0.0,0.00
1765413754.764811,2,1090,1037,1765413754760,1765413754763,3,1.73,0.0000,0.0,0.00
1765413754.804630,2,1091,1038,1765413754803,1765413754803,0,1.67,0.0000,0.0,0.00
1765413754.846960,2,1092,1039,1765413754846,1765413754846,0,1.61,0.0000,0.0,0.00
1765413754.890467,2,1093,1040,1765413754888,1765413754890,2,1.63,0.0000,0.0,0.00
1765413754.930722,2,1094,1041,1765413754930,1765413754930,0,1.65,0.0000,0.0,0.00
1765413754.972440,2,1095,1042,1765413754972,1765413754972,0,1.62,0.0000,0.0,0.00
1765413755.015609,2,1096,1043,1765413755015,1765413755015,0,1.60,0.0000,0.0,0.00
1765413755.060187,2,1097,1044,1765413755058,1765413755060,2,1.62,0.0000,0.0,0.00
1765413755.100711,2,1098,1045,1765413755100,1765413755100,0,1.65,0.0000,0.0,0.00
1765413755.143842,2,1099,1046,1765413755141,1765413755142,1,1.65,0.0000,0.0,0.00
1765413755.183352,2,1100,1047,1765413755183,1765413755183,0,1.65,0.0000,0.0,0.00
1765413755.224554,2,1101,1048,1765413755224,1765413755224,0,1.66,0.0000,0.0,0.00
1765413755.266505,2,1102,1049,1765413755266,1765413755266,0,1.65,0.0000,0.0,0.00
1765413755.309568,2,1103,1050,1765413755309,1765413755309,0,1.66,0.0000,0.0,0.00
1765413755.351981,2,1104,1051,1765413755351,1765413755351,0,1.65,0.0000,0.0,0.00
1765413755.394819,2,1105,1052,1765413755394,1765413755394,0,1.64,0.0000,0.0,0.00
1765413755.437896,2,1106,1053,1765413755437,1765413755437,0,1.65,0.0000,0.0,0.00
1765413755.480051,2,1107,1054,1765413755479,1765413755480,1,1.65,0.0000,0.0,0.00
1765413755.525494,2,1108,1055,1765413755522,1765413755524,2,1.67,0.0000,0.0,0.00
1765413755.564939,2,1109,1057,1765413755564,1765413755564,0,1.67,0.0000,0.0,0.00
1765413755.607974,2,1110,1058,1765413755606,1765413755607,1,1.65,0.0000,0.0,0.00
1765413755.649264,2,1111,1059,1765413755649,1765413755649,0,1.65,0.0000,0.0,0.00
1765413755.691859,2,1112,1060,1765413755691,1765413755691,0,1.63,0.0000,0.0,0.00
1765413755.733453,2,1113,1061,1765413755733,1765413755733,0,1.63,0.0000,0.0,0.00
1765413755.775930,2,1114,1062,1765413755775,1765413755775,0,1.63,0.0000,0.0,0.00
1765413755.817532,2,1115,1063,1765413755817,1765413755817,0,1.63,0.0000,0.0,0.00
1765413755.859590,2,1116,1064,1765413755859,1765413755859,0,1.62,0.0000,0.0,0.00
1765413755.901842,2,1117,1066,1765413755901,1765413755901,0,1.62,0.0000,0.0,0.00
1765413755.944551,2,1118,1067,1765413755944,1765413755944,0,1.62,0.0000,0.0,0.00
1765413755.989240,2,1119,1068,1765413755985,1765413755989,4,1.66,0.0000,0.0,0.00
1765413756.029060,2,1120,1069,1765413756028,1765413756028,0,1.70,0.0000,0.0,0.00
1765413756.073174,2,1121,1070,1765413756070,1765413756072,2,1.72,0.0000,0.0,0.00
1765413756.110066,2,1122,1071,1765413756105,1765413756109,4,1.76,0.0000,0.0,0.00
1765413756.147424,2,1123,1072,1765413756147,1765413756147,0,1.77,0.0000,0.0,0.00
1765413756.189512,2,1124,1073,1765413756189,1765413756189,0,1.77,0.0000,0.0,0.00
1765413756.246449,2,1125,1074,1765413756243,1765413756246,3,2.04,0.0000,0.0,0.00
1765413756.275463,2,1126,1075,1765413756275,1765413756275,0,2.22,0.0000,0.0,0.00
1765413756.317851,2,1127,1076,1765413756317,1765413756317,0,2.17,0.0000,0.0,0.00
1765413756.360628,2,1128,1077,1765413756359,1765413756359,0,2.15,0.0000,0.0,0.00
1765413756.401761,2,1129,1078,1765413756401,1765413756401,0,2.12,0.0000,0.0,0.00
1765413756.448066,2,1130,1079,1765413756444,1765413756448,4,2.18,0.0000,0.0,0.00
1765413756.486473,2,1131,1080,1765413756486,1765413756486,0,2.21,0.0000,0.0,0.00
1765413756.529960,2,1132,1081,1765413756528,1765413756529,1,2.20,0.0000,0.0,0.00
1765413756.570267,2,1133,1082,1765413756570,1765413756570,0,2.21,0.0000,0.0,0.00
1765413756.612472,2,1134,1083,1765413756612,1765413756612,0,2.21,0.0000,0.0,0.00
1765413756.654015,2,1135,1085,1765413756654,1765413756654,0,2.21,0.0000,0.0,0.00
1765413756.697042,2,1136,1086,1765413756697,1765413756697,0,2.21,0.0000,0.0,0.00
1765413756.739317,2,1137,1087,1765413756739,1765413756739,0,2.21,0.0000,0.0,0.00
1765413756.780978,2,1138,1088,1765413756780,1765413756780,0,2.17,0.0000,0.0,0.00
1765413756.828108,2,1139,1090,1765413756824,1765413756828,4,2.24,0.0000,0.0,0.00
1765413756.866349,2,1140,1091,1765413756866,1765413756866,0,2.26,0.0000,0.0,0.00
1765413756.911836,2,1141,1092,1765413756908,1765413756911,3,2.29,0.0000,0.0,0.00
1765413756.951863,2,1142,1094,1765413756951,1765413756951,0,2.26,0.0000,0.0,0.00
1765413756.996012,2,1143,1095,1765413756994,1765413756996,2,2.29,0.0000,0.0,0.00
1765413757.036107,2,1144,1096,1765413757035,1765413757036,1,2.31,0.0000,0.0,0.00
1765413757.078800,2,1145,1097,1765413757077,1765413757078,1,2.26,0.0000,0.0,0.00
1765413757.119695,2,1146,1098,1765413757119,1765413757119,0,2.25,0.0000,0.0,0.00
1765413757.162597,2,1147,1099,1765413757161,1765413757162,1,2.23,0.0000,0.0,0.00
1765413757.204333,2,1148,1100,1765413757204,1765413757204,0,2.19,0.0000,0.0,0.00
1765413757.246659,2,1149,1101,1765413757246,1765413757246,0,1.78,0.0000,0.0,0.00
1765413757.289278,2,1150,1102,1765413757288,1765413757288,0,1.78,0.0000,0.0,0.00
1765413757.330485,2,1151,1103,1765413757330,1765413757330,0,1.75,0.0000,0.0,0.00
1765413757.373193,2,1152,1104,1765413757373,1765413757373,0,1.75,0.0000,0.0,0.00
1765413757.414799,2,1153,1105,1765413757414,1765413757414,0,1.72,0.0000,0.0,0.00
1765413757.456943,2,1154,1106,1765413757456,1765413757456,0,1.70,0.0000,0.0,0.00
1765413757.498784,2,1155,1107,1765413757498,1765413757498,0,1.70,0.0000,0.0,0.00
1765413757.540586,2,1156,1108,1765413757540,1765413757540,0,1.68,0.0000,0.0,0.00
1765413757.582501,2,1157,1109,1765413757582,1765413757582,0,1.61,0.0000,0.0,0.00
1765413757.624696,2,1158,1110,1765413757624,1765413757624,0,1.59,0.0000,0.0,0.00
1765413757.667613,2,1159,1111,1765413757667,1765413757667,0,1.61,0.0000,0.0,0.00
1765413757.713513,2,1160,1112,1765413757709,1765413757712,3,1.67,0.0000,0.0,0.00
1765413757.751538,2,1161,1113,1765413757751,1765413757751,0,1.69,0.0000,0.0,0.00
1765413757.797293,2,1162,1114,1765413757793,1765413757797,4,1.77,0.0000,0.0,0.00
1765413757.836269,2,1163,1115,1765413757836,1765413757836,0,1.79,0.0000,0.0,0.00
1765413757.879186,2,1164,1117,1765413757879,1765413757879,0,1.81,0.0000,0.0,0.00
1765413757.921130,2,1165,1118,1765413757921,1765413757921,0,1.79,0.0000,0.0,0.00
1765413757.963106,2,1166,1119,1765413757963,1765413757963,0,1.77,0.0000,0.0,0.00
1765413758.005144,2,1167,1120,1765413758005,1765413758005,0,1.75,0.0000,0.0,0.00
1765413758.047534,2,1168,1121,1765413758047,1765413758047,0,1.70,0.0000,0.0,0.00
1765413758.093744,2,1169,1122,1765413758090,1765413758093,3,1.78,0.0000,0.0,0.00
1765413758.133089,2,1170,1123,1765413758133,1765413758133,0,1.78,0.0000,0.0,0.00
1765413758.175830,2,1171,1124,1765413758174,1765413758174,0,1.79,0.0000,0.0,0.00
1765413758.217075,2,1172,1125,1765413758217,1765413758217,0,1.81,0.0000,0.0,0.00
1765413758.258852,2,1173,1126,1765413758258,1765413758258,0,1.82,0.0000,0.0,0.00
1765413758.301069,2,1174,1127,1765413758301,1765413758301,0,1.84,0.0000,0.0,0.00
1765413758.342664,2,1175,1128,1765413758342,1765413758342,0,1.85,0.0000,0.0,0.00
1765413758.387763,2,1176,1129,1765413758387,1765413758387,0,1.91,0.0000,0.0,0.00
1765413758.430539,2,1177,1130,1765413758430,1765413758430,0,1.93,0.0000,0.0,0.00
1765413758.477258,2,1178,1131,1765413758473,1765413758477,4,2.02,0.0000,0.0,0.00
1765413758.516584,2,1179,1132,1765413758516,1765413758516,0,1.99,0.0000,0.0,0.00
1765413758.559624,2,1180,1133,1765413758558,1765413758559,1,1.97,0.0000,0.0,0.00
1765413758.600515,2,1181,1134,1765413758599,1765413758599,0,1.96,0.0000,0.0,0.00
1765413758.644139,2,1182,1135,1765413758641,1765413758643,2,1.94,0.0000,0.0,0.00
1765413758.684172,2,1183,1136,1765413758684,1765413758684,0,1.90,0.0000,0.0,0.00
1765413758.726351,2,1184,1137,1765413758726,1765413758726,0,1.90,0.0000,0.0,0.00
1765413758.769496,2,1185,1138,1765413758768,1765413758768,0,1.58,0.0000,0.0,0.00
1765413758.811203,2,1186,1139,1765413758811,1765413758811,0,1.45,0.0000,0.0,0.00
1765413758.856243,2,1187,1140,1765413758853,1765413758854,1,1.46,0.0000,0.0,0.00
1765413758.895837,2,1188,1141,1765413758895,1765413758895,0,1.47,0.0000,0.0,0.00
1765413758.939234,2,1189,1142,1765413758938,1765413758939,1,1.50,0.0000,0.0,0.00
1765413758.984001,2,1190,1143,1765413758981,1765413758982,1,1.42,0.0000,0.0,0.00
1765413759.024108,2,1191,1144,1765413759023,1765413759023,0,1.38,0.0000,0.0,0.00
1765413759.068114,2,1192,1145,1765413759066,1765413759068,2,1.42,0.0000,0.0,0.00
1765413759.108350,2,1193,1146,1765413759108,1765413759108,0,1.44,0.0000,0.0,0.00
1765413759.150545,2,1194,1147,1765413759150,1765413759150,0,1.44,0.0000,0.0,0.00
1765413759.192098,2,1195,1148,1765413759192,1765413759192,0,1.44,0.0000,0.0,0.00
1765413759.234828,2,1196,1149,1765413759234,1765413759234,0,1.43,0.0000,0.0,0.00
1765413759.280690,2,1197,1150,1765413759277,1765413759280,3,1.50,0.0000,0.0,0.00
1765413759.319712,2,1198,1151,1765413759319,1765413759319,0,1.52,0.0000,0.0,0.00
1765413759.363208,2,1199,1152,1765413759361,1765413759363,2,1.44,0.0000,0.0,0.00
1765413759.402853,2,1200,1153,1765413759402,1765413759402,0,1.43,0.0000,0.0,0.00
1765413759.444991,2,1201,1154,1765413759444,1765413759444,0,1.37,0.0000,0.0,0.00
1765413759.487626,2,1202,1155,1765413759486,1765413759486,0,1.35,0.0000,0.0,0.00
1765413759.530639,2,1203,1156,1765413759529,1765413759529,0,1.31,0.0000,0.0,0.00
1765413759.572264,2,1204,1157,1765413759572,1765413759572,0,1.30,0.0000,0.0,0.00
1765413759.614295,2,1205,1158,1765413759614,1765413759614,0,1.30,0.0000,0.0,0.00
